ISO-10303-21;
HEADER;
FILE_DESCRIPTION(('Open CASCADE Model'),'2;1');
FILE_NAME('Open CASCADE Shape Model','2026-08-30T21:53:22',('Author'),(
    'Open CASCADE'),'Open CASCADE STEP processor 7.9','Open CASCADE 7.9'
  ,'Unknown');
FILE_SCHEMA(('AUTOMOTIVE_DESIGN { 1 0 10303 214 1 1 1 1 }'));
ENDSEC;
DATA;
#1 = APPLICATION_PROTOCOL_DEFINITION('international standard',
  'automotive_design',2000,#2);
#2 = APPLICATION_CONTEXT(
  'core data for automotive mechanical design processes');
#3 = SHAPE_DEFINITION_REPRESENTATION(#4,#10);
#4 = PRODUCT_DEFINITION_SHAPE('','',#5);
#5 = PRODUCT_DEFINITION('design','',#6,#9);
#6 = PRODUCT_DEFINITION_FORMATION('','',#7);
#7 = PRODUCT('Open CASCADE STEP translator 7.9 3',
  'Open CASCADE STEP translator 7.9 3','',(#8));
#8 = PRODUCT_CONTEXT('',#2,'mechanical');
#9 = PRODUCT_DEFINITION_CONTEXT('part definition',#2,'design');
#10 = ADVANCED_BREP_SHAPE_REPRESENTATION('',(#11,#15),#1988);
#11 = AXIS2_PLACEMENT_3D('',#12,#13,#14);
#12 = CARTESIAN_POINT('',(0.,0.,0.));
#13 = DIRECTION('',(0.,0.,1.));
#14 = DIRECTION('',(1.,0.,-0.));
#15 = MANIFOLD_SOLID_BREP('',#16);
#16 = CLOSED_SHELL('',(#17,#229,#303,#846,#895,#944,#993,#1020,#1581,
    #1699,#1726,#1753,#1780,#1856,#1905,#1954,#1981));
#17 = ADVANCED_FACE('',(#18,#194),#32,.F.);
#18 = FACE_BOUND('',#19,.F.);
#19 = EDGE_LOOP('',(#20,#55,#83,#111,#139,#167));
#20 = ORIENTED_EDGE('',*,*,#21,.T.);
#21 = EDGE_CURVE('',#22,#24,#26,.T.);
#22 = VERTEX_POINT('',#23);
#23 = CARTESIAN_POINT('',(12.65,-7.389181280765,0.));
#24 = VERTEX_POINT('',#25);
#25 = CARTESIAN_POINT('',(12.65,-15.,0.));
#26 = SURFACE_CURVE('',#27,(#31,#43),.PCURVE_S1.);
#27 = LINE('',#28,#29);
#28 = CARTESIAN_POINT('',(12.65,15.,0.));
#29 = VECTOR('',#30,1.);
#30 = DIRECTION('',(0.,-1.,0.));
#31 = PCURVE('',#32,#37);
#32 = PLANE('',#33);
#33 = AXIS2_PLACEMENT_3D('',#34,#35,#36);
#34 = CARTESIAN_POINT('',(0.,8.954141205209E-16,0.));
#35 = DIRECTION('',(0.,0.,1.));
#36 = DIRECTION('',(1.,0.,-0.));
#37 = DEFINITIONAL_REPRESENTATION('',(#38),#42);
#38 = LINE('',#39,#40);
#39 = CARTESIAN_POINT('',(12.65,15.));
#40 = VECTOR('',#41,1.);
#41 = DIRECTION('',(0.,-1.));
#42 = ( GEOMETRIC_REPRESENTATION_CONTEXT(2) 
PARAMETRIC_REPRESENTATION_CONTEXT() REPRESENTATION_CONTEXT('2D SPACE',''
  ) );
#43 = PCURVE('',#44,#49);
#44 = PLANE('',#45);
#45 = AXIS2_PLACEMENT_3D('',#46,#47,#48);
#46 = CARTESIAN_POINT('',(12.65,15.,0.));
#47 = DIRECTION('',(1.,0.,-0.));
#48 = DIRECTION('',(0.,-1.,0.));
#49 = DEFINITIONAL_REPRESENTATION('',(#50),#54);
#50 = LINE('',#51,#52);
#51 = CARTESIAN_POINT('',(0.,0.));
#52 = VECTOR('',#53,1.);
#53 = DIRECTION('',(1.,0.));
#54 = ( GEOMETRIC_REPRESENTATION_CONTEXT(2) 
PARAMETRIC_REPRESENTATION_CONTEXT() REPRESENTATION_CONTEXT('2D SPACE',''
  ) );
#55 = ORIENTED_EDGE('',*,*,#56,.T.);
#56 = EDGE_CURVE('',#24,#57,#59,.T.);
#57 = VERTEX_POINT('',#58);
#58 = CARTESIAN_POINT('',(22.65,-15.,0.));
#59 = SURFACE_CURVE('',#60,(#64,#71),.PCURVE_S1.);
#60 = LINE('',#61,#62);
#61 = CARTESIAN_POINT('',(12.65,-15.,0.));
#62 = VECTOR('',#63,1.);
#63 = DIRECTION('',(1.,0.,0.));
#64 = PCURVE('',#32,#65);
#65 = DEFINITIONAL_REPRESENTATION('',(#66),#70);
#66 = LINE('',#67,#68);
#67 = CARTESIAN_POINT('',(12.65,-15.));
#68 = VECTOR('',#69,1.);
#69 = DIRECTION('',(1.,0.));
#70 = ( GEOMETRIC_REPRESENTATION_CONTEXT(2) 
PARAMETRIC_REPRESENTATION_CONTEXT() REPRESENTATION_CONTEXT('2D SPACE',''
  ) );
#71 = PCURVE('',#72,#77);
#72 = PLANE('',#73);
#73 = AXIS2_PLACEMENT_3D('',#74,#75,#76);
#74 = CARTESIAN_POINT('',(12.65,-15.,0.));
#75 = DIRECTION('',(0.,1.,0.));
#76 = DIRECTION('',(1.,0.,0.));
#77 = DEFINITIONAL_REPRESENTATION('',(#78),#82);
#78 = LINE('',#79,#80);
#79 = CARTESIAN_POINT('',(0.,0.));
#80 = VECTOR('',#81,1.);
#81 = DIRECTION('',(1.,0.));
#82 = ( GEOMETRIC_REPRESENTATION_CONTEXT(2) 
PARAMETRIC_REPRESENTATION_CONTEXT() REPRESENTATION_CONTEXT('2D SPACE',''
  ) );
#83 = ORIENTED_EDGE('',*,*,#84,.T.);
#84 = EDGE_CURVE('',#57,#85,#87,.T.);
#85 = VERTEX_POINT('',#86);
#86 = CARTESIAN_POINT('',(22.65,15.,0.));
#87 = SURFACE_CURVE('',#88,(#92,#99),.PCURVE_S1.);
#88 = LINE('',#89,#90);
#89 = CARTESIAN_POINT('',(22.65,-15.,0.));
#90 = VECTOR('',#91,1.);
#91 = DIRECTION('',(0.,1.,0.));
#92 = PCURVE('',#32,#93);
#93 = DEFINITIONAL_REPRESENTATION('',(#94),#98);
#94 = LINE('',#95,#96);
#95 = CARTESIAN_POINT('',(22.65,-15.));
#96 = VECTOR('',#97,1.);
#97 = DIRECTION('',(0.,1.));
#98 = ( GEOMETRIC_REPRESENTATION_CONTEXT(2) 
PARAMETRIC_REPRESENTATION_CONTEXT() REPRESENTATION_CONTEXT('2D SPACE',''
  ) );
#99 = PCURVE('',#100,#105);
#100 = PLANE('',#101);
#101 = AXIS2_PLACEMENT_3D('',#102,#103,#104);
#102 = CARTESIAN_POINT('',(22.65,-15.,0.));
#103 = DIRECTION('',(-1.,0.,0.));
#104 = DIRECTION('',(0.,1.,0.));
#105 = DEFINITIONAL_REPRESENTATION('',(#106),#110);
#106 = LINE('',#107,#108);
#107 = CARTESIAN_POINT('',(0.,0.));
#108 = VECTOR('',#109,1.);
#109 = DIRECTION('',(1.,0.));
#110 = ( GEOMETRIC_REPRESENTATION_CONTEXT(2) 
PARAMETRIC_REPRESENTATION_CONTEXT() REPRESENTATION_CONTEXT('2D SPACE',''
  ) );
#111 = ORIENTED_EDGE('',*,*,#112,.T.);
#112 = EDGE_CURVE('',#85,#113,#115,.T.);
#113 = VERTEX_POINT('',#114);
#114 = CARTESIAN_POINT('',(12.65,15.,0.));
#115 = SURFACE_CURVE('',#116,(#120,#127),.PCURVE_S1.);
#116 = LINE('',#117,#118);
#117 = CARTESIAN_POINT('',(22.65,15.,0.));
#118 = VECTOR('',#119,1.);
#119 = DIRECTION('',(-1.,0.,0.));
#120 = PCURVE('',#32,#121);
#121 = DEFINITIONAL_REPRESENTATION('',(#122),#126);
#122 = LINE('',#123,#124);
#123 = CARTESIAN_POINT('',(22.65,15.));
#124 = VECTOR('',#125,1.);
#125 = DIRECTION('',(-1.,0.));
#126 = ( GEOMETRIC_REPRESENTATION_CONTEXT(2) 
PARAMETRIC_REPRESENTATION_CONTEXT() REPRESENTATION_CONTEXT('2D SPACE',''
  ) );
#127 = PCURVE('',#128,#133);
#128 = PLANE('',#129);
#129 = AXIS2_PLACEMENT_3D('',#130,#131,#132);
#130 = CARTESIAN_POINT('',(22.65,15.,0.));
#131 = DIRECTION('',(0.,-1.,0.));
#132 = DIRECTION('',(-1.,0.,0.));
#133 = DEFINITIONAL_REPRESENTATION('',(#134),#138);
#134 = LINE('',#135,#136);
#135 = CARTESIAN_POINT('',(0.,-0.));
#136 = VECTOR('',#137,1.);
#137 = DIRECTION('',(1.,0.));
#138 = ( GEOMETRIC_REPRESENTATION_CONTEXT(2) 
PARAMETRIC_REPRESENTATION_CONTEXT() REPRESENTATION_CONTEXT('2D SPACE',''
  ) );
#139 = ORIENTED_EDGE('',*,*,#140,.T.);
#140 = EDGE_CURVE('',#113,#141,#143,.T.);
#141 = VERTEX_POINT('',#142);
#142 = CARTESIAN_POINT('',(12.65,7.389181280765,0.));
#143 = SURFACE_CURVE('',#144,(#148,#155),.PCURVE_S1.);
#144 = LINE('',#145,#146);
#145 = CARTESIAN_POINT('',(12.65,15.,0.));
#146 = VECTOR('',#147,1.);
#147 = DIRECTION('',(0.,-1.,0.));
#148 = PCURVE('',#32,#149);
#149 = DEFINITIONAL_REPRESENTATION('',(#150),#154);
#150 = LINE('',#151,#152);
#151 = CARTESIAN_POINT('',(12.65,15.));
#152 = VECTOR('',#153,1.);
#153 = DIRECTION('',(0.,-1.));
#154 = ( GEOMETRIC_REPRESENTATION_CONTEXT(2) 
PARAMETRIC_REPRESENTATION_CONTEXT() REPRESENTATION_CONTEXT('2D SPACE',''
  ) );
#155 = PCURVE('',#156,#161);
#156 = PLANE('',#157);
#157 = AXIS2_PLACEMENT_3D('',#158,#159,#160);
#158 = CARTESIAN_POINT('',(12.65,15.,0.));
#159 = DIRECTION('',(1.,0.,-0.));
#160 = DIRECTION('',(0.,-1.,0.));
#161 = DEFINITIONAL_REPRESENTATION('',(#162),#166);
#162 = LINE('',#163,#164);
#163 = CARTESIAN_POINT('',(0.,0.));
#164 = VECTOR('',#165,1.);
#165 = DIRECTION('',(1.,0.));
#166 = ( GEOMETRIC_REPRESENTATION_CONTEXT(2) 
PARAMETRIC_REPRESENTATION_CONTEXT() REPRESENTATION_CONTEXT('2D SPACE',''
  ) );
#167 = ORIENTED_EDGE('',*,*,#168,.T.);
#168 = EDGE_CURVE('',#141,#22,#169,.T.);
#169 = SURFACE_CURVE('',#170,(#175,#182),.PCURVE_S1.);
#170 = CIRCLE('',#171,14.65);
#171 = AXIS2_PLACEMENT_3D('',#172,#173,#174);
#172 = CARTESIAN_POINT('',(0.,0.,0.));
#173 = DIRECTION('',(0.,0.,1.));
#174 = DIRECTION('',(1.,0.,0.));
#175 = PCURVE('',#32,#176);
#176 = DEFINITIONAL_REPRESENTATION('',(#177),#181);
#177 = CIRCLE('',#178,14.65);
#178 = AXIS2_PLACEMENT_2D('',#179,#180);
#179 = CARTESIAN_POINT('',(0.,-8.954141205209E-16));
#180 = DIRECTION('',(1.,0.));
#181 = ( GEOMETRIC_REPRESENTATION_CONTEXT(2) 
PARAMETRIC_REPRESENTATION_CONTEXT() REPRESENTATION_CONTEXT('2D SPACE',''
  ) );
#182 = PCURVE('',#183,#188);
#183 = CYLINDRICAL_SURFACE('',#184,14.65);
#184 = AXIS2_PLACEMENT_3D('',#185,#186,#187);
#185 = CARTESIAN_POINT('',(0.,0.,0.));
#186 = DIRECTION('',(-0.,-0.,-1.));
#187 = DIRECTION('',(1.,0.,0.));
#188 = DEFINITIONAL_REPRESENTATION('',(#189),#193);
#189 = LINE('',#190,#191);
#190 = CARTESIAN_POINT('',(-0.,0.));
#191 = VECTOR('',#192,1.);
#192 = DIRECTION('',(-1.,0.));
#193 = ( GEOMETRIC_REPRESENTATION_CONTEXT(2) 
PARAMETRIC_REPRESENTATION_CONTEXT() REPRESENTATION_CONTEXT('2D SPACE',''
  ) );
#194 = FACE_BOUND('',#195,.F.);
#195 = EDGE_LOOP('',(#196));
#196 = ORIENTED_EDGE('',*,*,#197,.T.);
#197 = EDGE_CURVE('',#198,#198,#200,.T.);
#198 = VERTEX_POINT('',#199);
#199 = CARTESIAN_POINT('',(10.825,0.,0.));
#200 = SURFACE_CURVE('',#201,(#206,#217),.PCURVE_S1.);
#201 = CIRCLE('',#202,10.825);
#202 = AXIS2_PLACEMENT_3D('',#203,#204,#205);
#203 = CARTESIAN_POINT('',(0.,0.,0.));
#204 = DIRECTION('',(0.,0.,-1.));
#205 = DIRECTION('',(1.,0.,0.));
#206 = PCURVE('',#32,#207);
#207 = DEFINITIONAL_REPRESENTATION('',(#208),#216);
#208 = ( BOUNDED_CURVE() B_SPLINE_CURVE(2,(#209,#210,#211,#212,#213,#214
,#215),.UNSPECIFIED.,.T.,.F.) B_SPLINE_CURVE_WITH_KNOTS((1,2,2,2,2,1),(
    -2.094395102393,0.,2.094395102393,4.188790204786,6.28318530718,
8.377580409573),.UNSPECIFIED.) CURVE() GEOMETRIC_REPRESENTATION_ITEM() 
RATIONAL_B_SPLINE_CURVE((1.,0.5,1.,0.5,1.,0.5,1.)) REPRESENTATION_ITEM(
  '') );
#209 = CARTESIAN_POINT('',(10.825,-8.954141205209E-16));
#210 = CARTESIAN_POINT('',(10.825,-18.74944999193));
#211 = CARTESIAN_POINT('',(-5.4125,-9.374724995967));
#212 = CARTESIAN_POINT('',(-21.65,-3.546774440675E-15));
#213 = CARTESIAN_POINT('',(-5.4125,9.374724995967));
#214 = CARTESIAN_POINT('',(10.825,18.749449991933));
#215 = CARTESIAN_POINT('',(10.825,-8.954141205209E-16));
#216 = ( GEOMETRIC_REPRESENTATION_CONTEXT(2) 
PARAMETRIC_REPRESENTATION_CONTEXT() REPRESENTATION_CONTEXT('2D SPACE',''
  ) );
#217 = PCURVE('',#218,#223);
#218 = CYLINDRICAL_SURFACE('',#219,10.825);
#219 = AXIS2_PLACEMENT_3D('',#220,#221,#222);
#220 = CARTESIAN_POINT('',(0.,0.,-1.));
#221 = DIRECTION('',(-0.,-0.,-1.));
#222 = DIRECTION('',(1.,0.,0.));
#223 = DEFINITIONAL_REPRESENTATION('',(#224),#228);
#224 = LINE('',#225,#226);
#225 = CARTESIAN_POINT('',(-6.28318530718,-1.));
#226 = VECTOR('',#227,1.);
#227 = DIRECTION('',(1.,-0.));
#228 = ( GEOMETRIC_REPRESENTATION_CONTEXT(2) 
PARAMETRIC_REPRESENTATION_CONTEXT() REPRESENTATION_CONTEXT('2D SPACE',''
  ) );
#229 = ADVANCED_FACE('',(#230),#44,.F.);
#230 = FACE_BOUND('',#231,.F.);
#231 = EDGE_LOOP('',(#232,#233,#254,#282));
#232 = ORIENTED_EDGE('',*,*,#21,.F.);
#233 = ORIENTED_EDGE('',*,*,#234,.F.);
#234 = EDGE_CURVE('',#235,#22,#237,.T.);
#235 = VERTEX_POINT('',#236);
#236 = CARTESIAN_POINT('',(12.65,-7.389181280765,34.));
#237 = SURFACE_CURVE('',#238,(#242,#248),.PCURVE_S1.);
#238 = LINE('',#239,#240);
#239 = CARTESIAN_POINT('',(12.65,-7.389181280764,0.));
#240 = VECTOR('',#241,1.);
#241 = DIRECTION('',(-0.,-0.,-1.));
#242 = PCURVE('',#44,#243);
#243 = DEFINITIONAL_REPRESENTATION('',(#244),#247);
#244 = B_SPLINE_CURVE_WITH_KNOTS('',1,(#245,#246),.UNSPECIFIED.,.F.,.F.,
  (2,2),(-34.0000006,6.E-07),.PIECEWISE_BEZIER_KNOTS.);
#245 = CARTESIAN_POINT('',(22.389181280764,-34.0000006));
#246 = CARTESIAN_POINT('',(22.389181280764,6.E-07));
#247 = ( GEOMETRIC_REPRESENTATION_CONTEXT(2) 
PARAMETRIC_REPRESENTATION_CONTEXT() REPRESENTATION_CONTEXT('2D SPACE',''
  ) );
#248 = PCURVE('',#183,#249);
#249 = DEFINITIONAL_REPRESENTATION('',(#250),#253);
#250 = B_SPLINE_CURVE_WITH_KNOTS('',1,(#251,#252),.UNSPECIFIED.,.F.,.F.,
  (2,2),(-34.0000006,6.E-07),.PIECEWISE_BEZIER_KNOTS.);
#251 = CARTESIAN_POINT('',(-5.754520386886,-34.0000006));
#252 = CARTESIAN_POINT('',(-5.754520386886,6.E-07));
#253 = ( GEOMETRIC_REPRESENTATION_CONTEXT(2) 
PARAMETRIC_REPRESENTATION_CONTEXT() REPRESENTATION_CONTEXT('2D SPACE',''
  ) );
#254 = ORIENTED_EDGE('',*,*,#255,.T.);
#255 = EDGE_CURVE('',#235,#256,#258,.T.);
#256 = VERTEX_POINT('',#257);
#257 = CARTESIAN_POINT('',(12.65,-15.,34.));
#258 = SURFACE_CURVE('',#259,(#263,#270),.PCURVE_S1.);
#259 = LINE('',#260,#261);
#260 = CARTESIAN_POINT('',(12.65,15.,34.));
#261 = VECTOR('',#262,1.);
#262 = DIRECTION('',(0.,-1.,0.));
#263 = PCURVE('',#44,#264);
#264 = DEFINITIONAL_REPRESENTATION('',(#265),#269);
#265 = LINE('',#266,#267);
#266 = CARTESIAN_POINT('',(0.,-34.));
#267 = VECTOR('',#268,1.);
#268 = DIRECTION('',(1.,0.));
#269 = ( GEOMETRIC_REPRESENTATION_CONTEXT(2) 
PARAMETRIC_REPRESENTATION_CONTEXT() REPRESENTATION_CONTEXT('2D SPACE',''
  ) );
#270 = PCURVE('',#271,#276);
#271 = PLANE('',#272);
#272 = AXIS2_PLACEMENT_3D('',#273,#274,#275);
#273 = CARTESIAN_POINT('',(17.65,0.,34.));
#274 = DIRECTION('',(0.,0.,1.));
#275 = DIRECTION('',(1.,0.,-0.));
#276 = DEFINITIONAL_REPRESENTATION('',(#277),#281);
#277 = LINE('',#278,#279);
#278 = CARTESIAN_POINT('',(-5.,15.));
#279 = VECTOR('',#280,1.);
#280 = DIRECTION('',(0.,-1.));
#281 = ( GEOMETRIC_REPRESENTATION_CONTEXT(2) 
PARAMETRIC_REPRESENTATION_CONTEXT() REPRESENTATION_CONTEXT('2D SPACE',''
  ) );
#282 = ORIENTED_EDGE('',*,*,#283,.F.);
#283 = EDGE_CURVE('',#24,#256,#284,.T.);
#284 = SURFACE_CURVE('',#285,(#289,#296),.PCURVE_S1.);
#285 = LINE('',#286,#287);
#286 = CARTESIAN_POINT('',(12.65,-15.,0.));
#287 = VECTOR('',#288,1.);
#288 = DIRECTION('',(0.,0.,1.));
#289 = PCURVE('',#44,#290);
#290 = DEFINITIONAL_REPRESENTATION('',(#291),#295);
#291 = LINE('',#292,#293);
#292 = CARTESIAN_POINT('',(30.,0.));
#293 = VECTOR('',#294,1.);
#294 = DIRECTION('',(0.,-1.));
#295 = ( GEOMETRIC_REPRESENTATION_CONTEXT(2) 
PARAMETRIC_REPRESENTATION_CONTEXT() REPRESENTATION_CONTEXT('2D SPACE',''
  ) );
#296 = PCURVE('',#72,#297);
#297 = DEFINITIONAL_REPRESENTATION('',(#298),#302);
#298 = LINE('',#299,#300);
#299 = CARTESIAN_POINT('',(0.,0.));
#300 = VECTOR('',#301,1.);
#301 = DIRECTION('',(0.,-1.));
#302 = ( GEOMETRIC_REPRESENTATION_CONTEXT(2) 
PARAMETRIC_REPRESENTATION_CONTEXT() REPRESENTATION_CONTEXT('2D SPACE',''
  ) );
#303 = ADVANCED_FACE('',(#304,#351,#504,#693),#183,.T.);
#304 = FACE_BOUND('',#305,.F.);
#305 = EDGE_LOOP('',(#306,#307,#328,#350));
#306 = ORIENTED_EDGE('',*,*,#168,.F.);
#307 = ORIENTED_EDGE('',*,*,#308,.F.);
#308 = EDGE_CURVE('',#309,#141,#311,.T.);
#309 = VERTEX_POINT('',#310);
#310 = CARTESIAN_POINT('',(12.65,7.389181280765,34.));
#311 = SURFACE_CURVE('',#312,(#316,#322),.PCURVE_S1.);
#312 = LINE('',#313,#314);
#313 = CARTESIAN_POINT('',(12.65,7.389181280764,0.));
#314 = VECTOR('',#315,1.);
#315 = DIRECTION('',(-0.,-0.,-1.));
#316 = PCURVE('',#183,#317);
#317 = DEFINITIONAL_REPRESENTATION('',(#318),#321);
#318 = B_SPLINE_CURVE_WITH_KNOTS('',1,(#319,#320),.UNSPECIFIED.,.F.,.F.,
  (2,2),(-34.0000006,6.E-07),.PIECEWISE_BEZIER_KNOTS.);
#319 = CARTESIAN_POINT('',(-0.528664920294,-34.0000006));
#320 = CARTESIAN_POINT('',(-0.528664920294,6.E-07));
#321 = ( GEOMETRIC_REPRESENTATION_CONTEXT(2) 
PARAMETRIC_REPRESENTATION_CONTEXT() REPRESENTATION_CONTEXT('2D SPACE',''
  ) );
#322 = PCURVE('',#156,#323);
#323 = DEFINITIONAL_REPRESENTATION('',(#324),#327);
#324 = B_SPLINE_CURVE_WITH_KNOTS('',1,(#325,#326),.UNSPECIFIED.,.F.,.F.,
  (2,2),(-34.0000006,6.E-07),.PIECEWISE_BEZIER_KNOTS.);
#325 = CARTESIAN_POINT('',(7.610818719236,-34.0000006));
#326 = CARTESIAN_POINT('',(7.610818719236,6.E-07));
#327 = ( GEOMETRIC_REPRESENTATION_CONTEXT(2) 
PARAMETRIC_REPRESENTATION_CONTEXT() REPRESENTATION_CONTEXT('2D SPACE',''
  ) );
#328 = ORIENTED_EDGE('',*,*,#329,.T.);
#329 = EDGE_CURVE('',#309,#235,#330,.T.);
#330 = SURFACE_CURVE('',#331,(#336,#343),.PCURVE_S1.);
#331 = CIRCLE('',#332,14.65);
#332 = AXIS2_PLACEMENT_3D('',#333,#334,#335);
#333 = CARTESIAN_POINT('',(0.,0.,34.));
#334 = DIRECTION('',(0.,0.,1.));
#335 = DIRECTION('',(1.,0.,0.));
#336 = PCURVE('',#183,#337);
#337 = DEFINITIONAL_REPRESENTATION('',(#338),#342);
#338 = LINE('',#339,#340);
#339 = CARTESIAN_POINT('',(-0.,-34.));
#340 = VECTOR('',#341,1.);
#341 = DIRECTION('',(-1.,0.));
#342 = ( GEOMETRIC_REPRESENTATION_CONTEXT(2) 
PARAMETRIC_REPRESENTATION_CONTEXT() REPRESENTATION_CONTEXT('2D SPACE',''
  ) );
#343 = PCURVE('',#271,#344);
#344 = DEFINITIONAL_REPRESENTATION('',(#345),#349);
#345 = CIRCLE('',#346,14.65);
#346 = AXIS2_PLACEMENT_2D('',#347,#348);
#347 = CARTESIAN_POINT('',(-17.65,0.));
#348 = DIRECTION('',(1.,0.));
#349 = ( GEOMETRIC_REPRESENTATION_CONTEXT(2) 
PARAMETRIC_REPRESENTATION_CONTEXT() REPRESENTATION_CONTEXT('2D SPACE',''
  ) );
#350 = ORIENTED_EDGE('',*,*,#234,.T.);
#351 = FACE_BOUND('',#352,.F.);
#352 = EDGE_LOOP('',(#353));
#353 = ORIENTED_EDGE('',*,*,#354,.F.);
#354 = EDGE_CURVE('',#355,#355,#357,.T.);
#355 = VERTEX_POINT('',#356);
#356 = CARTESIAN_POINT('',(1.45,14.578065715314,17.));
#357 = SURFACE_CURVE('',#358,(#403,#451),.PCURVE_S1.);
#358 = B_SPLINE_CURVE_WITH_KNOTS('',7,(#359,#360,#361,#362,#363,#364,
    #365,#366,#367,#368,#369,#370,#371,#372,#373,#374,#375,#376,#377,
    #378,#379,#380,#381,#382,#383,#384,#385,#386,#387,#388,#389,#390,
    #391,#392,#393,#394,#395,#396,#397,#398,#399,#400,#401,#402),
  .UNSPECIFIED.,.T.,.F.,(8,6,6,6,6,6,6,8),(0.,0.151854305654,
    0.286122143128,0.422739670584,0.587392377311,0.713725994786,
    0.838515009806,1.),.UNSPECIFIED.);
#359 = CARTESIAN_POINT('',(1.45,14.578065715314,17.));
#360 = CARTESIAN_POINT('',(1.45,14.578065715314,17.173845385867));
#361 = CARTESIAN_POINT('',(1.425684045418,14.5804841834,17.347685569366)
  );
#362 = CARTESIAN_POINT('',(1.377049245272,14.585322169511,
    17.519204364958));
#363 = CARTESIAN_POINT('',(1.30349207264,14.592379029793,17.685819092553
    ));
#364 = CARTESIAN_POINT('',(1.204091327705,14.601236087635,
    17.844270004643));
#365 = CARTESIAN_POINT('',(1.077838129816,14.611106870737,
    17.990197282322));
#366 = CARTESIAN_POINT('',(0.788476993048,14.629399032071,
    18.229577633024));
#367 = CARTESIAN_POINT('',(0.627097080552,14.63812279601,18.330652943393
    ));
#368 = CARTESIAN_POINT('',(0.443410483702,14.64578597573,18.409431529037
    ));
#369 = CARTESIAN_POINT('',(0.24402096415,14.650888342446,18.458353422781
    ));
#370 = CARTESIAN_POINT('',(3.757788011615E-02,14.65236807247,
    18.473395631086));
#371 = CARTESIAN_POINT('',(-0.166719057134,14.650335064248,
    18.454225835241));
#372 = CARTESIAN_POINT('',(-0.557874542113,14.640704105349,
    18.35379417658));
#373 = CARTESIAN_POINT('',(-0.738055328142,14.63316562315,
    18.273072757823));
#374 = CARTESIAN_POINT('',(-0.897799997134,14.623992130677,
    18.168663865787));
#375 = CARTESIAN_POINT('',(-1.035402488047,14.614375548722,
    18.046089467022));
#376 = CARTESIAN_POINT('',(-1.150119566363,14.605293997553,
    17.910362441356));
#377 = CARTESIAN_POINT('',(-1.242031263005,14.597424205614,
    17.766069462949));
#378 = CARTESIAN_POINT('',(-1.396325261821,14.583550464005,
    17.438178024997));
#379 = CARTESIAN_POINT('',(-1.450429360073,14.578112407241,
    17.249081221468));
#380 = CARTESIAN_POINT('',(-1.474750381816,14.575517357617,
    17.054411693526));
#381 = CARTESIAN_POINT('',(-1.469116520556,14.576107944045,
    16.857932209609));
#382 = CARTESIAN_POINT('',(-1.433187728765,14.579895600893,
    16.663724693595));
#383 = CARTESIAN_POINT('',(-1.366849990546,14.586416513923,
    16.476453971759));
#384 = CARTESIAN_POINT('',(-1.196828929389,14.601218804598,
    16.167186809619));
#385 = CARTESIAN_POINT('',(-1.104031503976,14.608858988047,
    16.037599127089));
#386 = CARTESIAN_POINT('',(-0.991688643749,14.617356763997,
    15.916314248273));
#387 = CARTESIAN_POINT('',(-0.859928263418,14.626119445551,
    15.807198343729));
#388 = CARTESIAN_POINT('',(-0.709570139788,14.634340213767,
    15.71435727319));
#389 = CARTESIAN_POINT('',(-0.542206020867,14.641089892817,
    15.642182830932));
#390 = CARTESIAN_POINT('',(-0.181215031501,14.649978147015,
    15.549496098377));
#391 = CARTESIAN_POINT('',(7.730330073651E-03,14.652064820698,
    15.529476005895));
#392 = CARTESIAN_POINT('',(0.199428674002,14.651169149604,
    15.538786589858));
#393 = CARTESIAN_POINT('',(0.386220699853,14.647141131136,
    15.577538676523));
#394 = CARTESIAN_POINT('',(0.56081153453,14.640714544565,15.642836223527
    ));
#395 = CARTESIAN_POINT('',(0.717314167333,14.633053008725,
    15.728860681134));
#396 = CARTESIAN_POINT('',(1.026954210286,14.615008611901,
    15.953827340712));
#397 = CARTESIAN_POINT('',(1.170718087249,14.604188482757,
    16.104635164079));
#398 = CARTESIAN_POINT('',(1.28376426756,14.594266728671,16.271022946));
#399 = CARTESIAN_POINT('',(1.367300700273,14.58629234307,16.447467442554
    ));
#400 = CARTESIAN_POINT('',(1.422439795424,14.580806734639,
    16.629808617102));
#401 = CARTESIAN_POINT('',(1.45,14.578065715314,16.814924568913));
#402 = CARTESIAN_POINT('',(1.45,14.578065715314,17.));
#403 = PCURVE('',#183,#404);
#404 = DEFINITIONAL_REPRESENTATION('',(#405),#450);
#405 = B_SPLINE_CURVE_WITH_KNOTS('',7,(#406,#407,#408,#409,#410,#411,
    #412,#413,#414,#415,#416,#417,#418,#419,#420,#421,#422,#423,#424,
    #425,#426,#427,#428,#429,#430,#431,#432,#433,#434,#435,#436,#437,
    #438,#439,#440,#441,#442,#443,#444,#445,#446,#447,#448,#449),
  .UNSPECIFIED.,.T.,.F.,(8,6,6,6,6,6,6,8),(0.,0.151854305654,
    0.286122143128,0.422739670584,0.587392377311,0.713725994786,
    0.838515009806,1.),.UNSPECIFIED.);
#406 = CARTESIAN_POINT('',(-1.471657901564,-17.));
#407 = CARTESIAN_POINT('',(-1.471657901564,-17.17384538586));
#408 = CARTESIAN_POINT('',(-1.473325883689,-17.34768556936));
#409 = CARTESIAN_POINT('',(-1.476662047467,-17.51920436495));
#410 = CARTESIAN_POINT('',(-1.481706042146,-17.68581909255));
#411 = CARTESIAN_POINT('',(-1.48851760045,-17.84427000464));
#412 = CARTESIAN_POINT('',(-1.497160905249,-17.99019728232));
#413 = CARTESIAN_POINT('',(-1.51695194525,-18.22957763302));
#414 = CARTESIAN_POINT('',(-1.527983246036,-18.33065294339));
#415 = CARTESIAN_POINT('',(-1.540531004833,-18.40943152903));
#416 = CARTESIAN_POINT('',(-1.554141929197,-18.45835342278));
#417 = CARTESIAN_POINT('',(-1.56823055087,-18.47339563108));
#418 = CARTESIAN_POINT('',(-1.582174942487,-18.45422583524));
#419 = CARTESIAN_POINT('',(-1.608883067597,-18.35379417658));
#420 = CARTESIAN_POINT('',(-1.621191033957,-18.27307275782));
#421 = CARTESIAN_POINT('',(-1.632111224134,-18.16866386578));
#422 = CARTESIAN_POINT('',(-1.641526026027,-18.04608946702));
#423 = CARTESIAN_POINT('',(-1.649380757303,-17.91036244135));
#424 = CARTESIAN_POINT('',(-1.655677495224,-17.76606946294));
#425 = CARTESIAN_POINT('',(-1.66625199964,-17.43817802499));
#426 = CARTESIAN_POINT('',(-1.669963515493,-17.24908122146));
#427 = CARTESIAN_POINT('',(-1.671633160784,-17.05441169352));
#428 = CARTESIAN_POINT('',(-1.671246469651,-16.8579322096));
#429 = CARTESIAN_POINT('',(-1.66878033715,-16.66372469359));
#430 = CARTESIAN_POINT('',(-1.664230622628,-16.47645397175));
#431 = CARTESIAN_POINT('',(-1.652581189204,-16.16718680961));
#432 = CARTESIAN_POINT('',(-1.646225530113,-16.03759912708));
#433 = CARTESIAN_POINT('',(-1.63853546074,-15.91631424827));
#434 = CARTESIAN_POINT('',(-1.629522447045,-15.80719834372));
#435 = CARTESIAN_POINT('',(-1.619245269671,-15.71435727318));
#436 = CARTESIAN_POINT('',(-1.607813219821,-15.64218283093));
#437 = CARTESIAN_POINT('',(-1.583164728676,-15.54949609837));
#438 = CARTESIAN_POINT('',(-1.570267826378,-15.52947600589));
#439 = CARTESIAN_POINT('',(-1.55718513246,-15.53878658985));
#440 = CARTESIAN_POINT('',(-1.544434898542,-15.57753867652));
#441 = CARTESIAN_POINT('',(-1.532510761986,-15.64283622352));
#442 = CARTESIAN_POINT('',(-1.521815666523,-15.72886068113));
#443 = CARTESIAN_POINT('',(-1.500643968944,-15.95382734071));
#444 = CARTESIAN_POINT('',(-1.490804390117,-16.10463516408));
#445 = CARTESIAN_POINT('',(-1.483058799674,-16.271022946));
#446 = CARTESIAN_POINT('',(-1.477330759771,-16.44746744255));
#447 = CARTESIAN_POINT('',(-1.47354842719,-16.6298086171));
#448 = CARTESIAN_POINT('',(-1.471657901564,-16.81492456891));
#449 = CARTESIAN_POINT('',(-1.471657901564,-17.));
#450 = ( GEOMETRIC_REPRESENTATION_CONTEXT(2) 
PARAMETRIC_REPRESENTATION_CONTEXT() REPRESENTATION_CONTEXT('2D SPACE',''
  ) );
#451 = PCURVE('',#452,#457);
#452 = CYLINDRICAL_SURFACE('',#453,1.45);
#453 = AXIS2_PLACEMENT_3D('',#454,#455,#456);
#454 = CARTESIAN_POINT('',(0.,15.65,17.));
#455 = DIRECTION('',(-0.,1.,-0.));
#456 = DIRECTION('',(1.,0.,0.));
#457 = DEFINITIONAL_REPRESENTATION('',(#458),#503);
#458 = B_SPLINE_CURVE_WITH_KNOTS('',7,(#459,#460,#461,#462,#463,#464,
    #465,#466,#467,#468,#469,#470,#471,#472,#473,#474,#475,#476,#477,
    #478,#479,#480,#481,#482,#483,#484,#485,#486,#487,#488,#489,#490,
    #491,#492,#493,#494,#495,#496,#497,#498,#499,#500,#501,#502),
  .UNSPECIFIED.,.F.,.F.,(8,6,6,6,6,6,6,8),(0.,0.151854305654,
    0.286122143128,0.422739670584,0.587392377311,0.713725994786,
    0.838515009806,1.),.UNSPECIFIED.);
#459 = CARTESIAN_POINT('',(0.,-1.071934284686));
#460 = CARTESIAN_POINT('',(-0.119893369563,-1.071934284686));
#461 = CARTESIAN_POINT('',(-0.239782547321,-1.0695158166));
#462 = CARTESIAN_POINT('',(-0.360889022978,-1.064677830489));
#463 = CARTESIAN_POINT('',(-0.48423427266,-1.057620970207));
#464 = CARTESIAN_POINT('',(-0.610948599229,-1.048763912365));
#465 = CARTESIAN_POINT('',(-0.742188666966,-1.038893129263));
#466 = CARTESIAN_POINT('',(-1.001184091819,-1.020600967929));
#467 = CARTESIAN_POINT('',(-1.13137365738,-1.01187720399));
#468 = CARTESIAN_POINT('',(-1.26653935619,-1.00421402427));
#469 = CARTESIAN_POINT('',(-1.404697692888,-0.999111657554));
#470 = CARTESIAN_POINT('',(-1.544320484798,-0.99763192753));
#471 = CARTESIAN_POINT('',(-1.684075471841,-0.999664935752));
#472 = CARTESIAN_POINT('',(-1.962587853906,-1.009295894651));
#473 = CARTESIAN_POINT('',(-2.096791749808,-1.01683437685));
#474 = CARTESIAN_POINT('',(-2.225929043797,-1.026007869323));
#475 = CARTESIAN_POINT('',(-2.35064689236,-1.035624451278));
#476 = CARTESIAN_POINT('',(-2.471409294902,-1.044706002447));
#477 = CARTESIAN_POINT('',(-2.588439211135,-1.052575794386));
#478 = CARTESIAN_POINT('',(-2.838356613094,-1.066449535995));
#479 = CARTESIAN_POINT('',(-2.972244188218,-1.071887592759));
#480 = CARTESIAN_POINT('',(-3.105022203687,-1.074482642383));
#481 = CARTESIAN_POINT('',(-3.237732190432,-1.073892055955));
#482 = CARTESIAN_POINT('',(-3.371307951684,-1.070104399107));
#483 = CARTESIAN_POINT('',(-3.506524634693,-1.063583486077));
#484 = CARTESIAN_POINT('',(-3.749918531926,-1.048781195402));
#485 = CARTESIAN_POINT('',(-3.859065821706,-1.041141011953));
#486 = CARTESIAN_POINT('',(-3.971618432347,-1.032643236003));
#487 = CARTESIAN_POINT('',(-4.08768756206,-1.023880554449));
#488 = CARTESIAN_POINT('',(-4.207577530292,-1.015659786233));
#489 = CARTESIAN_POINT('',(-4.331753828022,-1.008910107183));
#490 = CARTESIAN_POINT('',(-4.588788342974,-1.000021852985));
#491 = CARTESIAN_POINT('',(-4.718434724208,-0.997935179302));
#492 = CARTESIAN_POINT('',(-4.848296358788,-0.998830850396));
#493 = CARTESIAN_POINT('',(-4.977089639926,-1.002858868864));
#494 = CARTESIAN_POINT('',(-5.103455357541,-1.009285455435));
#495 = CARTESIAN_POINT('',(-5.225647101751,-1.016946991275));
#496 = CARTESIAN_POINT('',(-5.489603061506,-1.034991388099));
#497 = CARTESIAN_POINT('',(-5.630949177614,-1.045811517243));
#498 = CARTESIAN_POINT('',(-5.766854948425,-1.055733271329));
#499 = CARTESIAN_POINT('',(-5.89872935802,-1.06370765693));
#500 = CARTESIAN_POINT('',(-6.02788160104,-1.069193265361));
#501 = CARTESIAN_POINT('',(-6.155547078844,-1.071934284686));
#502 = CARTESIAN_POINT('',(-6.28318530718,-1.071934284686));
#503 = ( GEOMETRIC_REPRESENTATION_CONTEXT(2) 
PARAMETRIC_REPRESENTATION_CONTEXT() REPRESENTATION_CONTEXT('2D SPACE',''
  ) );
#504 = FACE_BOUND('',#505,.F.);
#505 = EDGE_LOOP('',(#506));
#506 = ORIENTED_EDGE('',*,*,#507,.F.);
#507 = EDGE_CURVE('',#508,#508,#510,.T.);
#508 = VERTEX_POINT('',#509);
#509 = CARTESIAN_POINT('',(-14.43511343911,2.5,17.));
#510 = SURFACE_CURVE('',#511,(#568,#628),.PCURVE_S1.);
#511 = B_SPLINE_CURVE_WITH_KNOTS('',7,(#512,#513,#514,#515,#516,#517,
    #518,#519,#520,#521,#522,#523,#524,#525,#526,#527,#528,#529,#530,
    #531,#532,#533,#534,#535,#536,#537,#538,#539,#540,#541,#542,#543,
    #544,#545,#546,#547,#548,#549,#550,#551,#552,#553,#554,#555,#556,
    #557,#558,#559,#560,#561,#562,#563,#564,#565,#566,#567),
  .UNSPECIFIED.,.T.,.F.,(8,6,6,6,6,6,6,6,6,8),(0.,0.131255630819,
    0.218855020874,0.32641004409,0.424707318943,0.572633741684,
    0.702738464309,0.796334151032,0.888265682539,1.),.UNSPECIFIED.);
#512 = CARTESIAN_POINT('',(-14.43511343911,2.5,17.));
#513 = CARTESIAN_POINT('',(-14.43511343911,2.5,17.259021070825));
#514 = CARTESIAN_POINT('',(-14.44053569778,2.468691328536,
    17.517735668559));
#515 = CARTESIAN_POINT('',(-14.4513586076,2.406200939414,17.773933000138
    ));
#516 = CARTESIAN_POINT('',(-14.4672633958,2.31181764139,18.025170680228)
  );
#517 = CARTESIAN_POINT('',(-14.48761174798,2.18421240072,18.268356106056
    ));
#518 = CARTESIAN_POINT('',(-14.5112278527,2.021653663003,18.499207133112
    ));
#519 = CARTESIAN_POINT('',(-14.55287599691,1.689455006707,
    18.852962771568));
#520 = CARTESIAN_POINT('',(-14.57027722609,1.5391605237,18.987288716879)
  );
#521 = CARTESIAN_POINT('',(-14.5877388141,1.371552817606,19.111205389692
    ));
#522 = CARTESIAN_POINT('',(-14.60440446678,1.187127877618,
    19.221575537891));
#523 = CARTESIAN_POINT('',(-14.61929055918,0.9868653868,19.315255865867)
  );
#524 = CARTESIAN_POINT('',(-14.63139344184,0.772256658079,
    19.389074068965));
#525 = CARTESIAN_POINT('',(-14.6502236141,0.266770783521,19.50206354866)
  );
#526 = CARTESIAN_POINT('',(-14.6548862422,-2.467923645471E-02,
    19.528243708805));
#527 = CARTESIAN_POINT('',(-14.65247707667,-0.319530318773,
    19.513919460415));
#528 = CARTESIAN_POINT('',(-14.642754001,-0.607417774569,19.459025294339
    ));
#529 = CARTESIAN_POINT('',(-14.62723602305,-0.878361055194,
    19.367556140013));
#530 = CARTESIAN_POINT('',(-14.60840162549,-1.124218757063,
    19.247483956449));
#531 = CARTESIAN_POINT('',(-14.57055594476,-1.536379219534,
    18.98591897328));
#532 = CARTESIAN_POINT('',(-14.5512741981,-1.712342021777,
    18.844218256974));
#533 = CARTESIAN_POINT('',(-14.53194457272,-1.867632378094,
    18.689593192248));
#534 = CARTESIAN_POINT('',(-14.51348826995,-2.00280454998,
    18.525039733882));
#535 = CARTESIAN_POINT('',(-14.49658734922,-2.118554515748,
    18.352901991893));
#536 = CARTESIAN_POINT('',(-14.48171847552,-2.215558638699,
    18.175030314561));
#537 = CARTESIAN_POINT('',(-14.45040797732,-2.413013790146,
    17.718738381811));
#538 = CARTESIAN_POINT('',(-14.43694847408,-2.490559221703,
    17.434703699879));
#539 = CARTESIAN_POINT('',(-14.4299826105,-2.528919404295,
    17.145511862033));
#540 = CARTESIAN_POINT('',(-14.42997582289,-2.528947354425,
    16.85459203586));
#541 = CARTESIAN_POINT('',(-14.43694495873,-2.49058847634,
    16.565262010524));
#542 = CARTESIAN_POINT('',(-14.45041713779,-2.412956020958,
    16.281128121472));
#543 = CARTESIAN_POINT('',(-14.48575514323,-2.19010197464,
    15.766142805717));
#544 = CARTESIAN_POINT('',(-14.5064985708,-2.053614496023,
    15.531759421808));
#545 = CARTESIAN_POINT('',(-14.53069351149,-1.883435648673,
    15.308006300631));
#546 = CARTESIAN_POINT('',(-14.55704111668,-1.678073067358,
    15.100053465223));
#547 = CARTESIAN_POINT('',(-14.58357452753,-1.43653782914,
    14.914591193857));
#548 = CARTESIAN_POINT('',(-14.60744621765,-1.158705337815,
    14.760074779683));
#549 = CARTESIAN_POINT('',(-14.63849375359,-0.622496286955,
    14.567027642683));
#550 = CARTESIAN_POINT('',(-14.64845068896,-0.380953193161,
    14.508266211083));
#551 = CARTESIAN_POINT('',(-14.65392954041,-0.128287798684,
    14.477418135996));
#552 = CARTESIAN_POINT('',(-14.6539313288,0.128240558551,14.477409626086
    ));
#553 = CARTESIAN_POINT('',(-14.64845222827,0.380946778993,
    14.508255762058));
#554 = CARTESIAN_POINT('',(-14.63849187909,0.622528660623,
    14.567039297921));
#555 = CARTESIAN_POINT('',(-14.61274614266,1.067172542343,
    14.727120945579));
#556 = CARTESIAN_POINT('',(-14.59705594641,1.271042428812,
    14.827716712438));
#557 = CARTESIAN_POINT('',(-14.57952961459,1.457352516666,
    14.945728480284));
#558 = CARTESIAN_POINT('',(-14.5612234572,1.625605360508,15.07781385026)
  );
#559 = CARTESIAN_POINT('',(-14.54304362307,1.77571191497,15.221019726413
    ));
#560 = CARTESIAN_POINT('',(-14.52569870236,1.907873593798,
    15.372708679287));
#561 = CARTESIAN_POINT('',(-14.49028770881,2.161911973068,
    15.722362511621));
#562 = CARTESIAN_POINT('',(-14.4727689693,2.276167736235,15.924257745081
    ));
#563 = CARTESIAN_POINT('',(-14.45804039254,2.366337600585,16.1331577562)
  );
#564 = CARTESIAN_POINT('',(-14.44666199903,2.433314861552,
    16.346814661311));
#565 = CARTESIAN_POINT('',(-14.43896599987,2.477756441392,
    16.563482430381));
#566 = CARTESIAN_POINT('',(-14.43511343911,2.5,16.781675346355));
#567 = CARTESIAN_POINT('',(-14.43511343911,2.5,17.));
#568 = PCURVE('',#183,#569);
#569 = DEFINITIONAL_REPRESENTATION('',(#570),#627);
#570 = B_SPLINE_CURVE_WITH_KNOTS('',7,(#571,#572,#573,#574,#575,#576,
    #577,#578,#579,#580,#581,#582,#583,#584,#585,#586,#587,#588,#589,
    #590,#591,#592,#593,#594,#595,#596,#597,#598,#599,#600,#601,#602,
    #603,#604,#605,#606,#607,#608,#609,#610,#611,#612,#613,#614,#615,
    #616,#617,#618,#619,#620,#621,#622,#623,#624,#625,#626),
  .UNSPECIFIED.,.F.,.F.,(8,6,6,6,6,6,6,6,6,8),(0.,0.131255630819,
    0.218855020874,0.32641004409,0.424707318943,0.572633741684,
    0.702738464309,0.796334151032,0.888265682539,1.),.UNSPECIFIED.);
#571 = CARTESIAN_POINT('',(-2.970104904468,-17.));
#572 = CARTESIAN_POINT('',(-2.970104904468,-17.25902107082));
#573 = CARTESIAN_POINT('',(-2.972273827156,-17.51773566855));
#574 = CARTESIAN_POINT('',(-2.976602891723,-17.77393300013));
#575 = CARTESIAN_POINT('',(-2.983136179769,-18.02517068022));
#576 = CARTESIAN_POINT('',(-2.991955763088,-18.26835610605));
#577 = CARTESIAN_POINT('',(-3.00316626502,-18.49920713311));
#578 = CARTESIAN_POINT('',(-3.026019453839,-18.85296277156));
#579 = CARTESIAN_POINT('',(-3.036346522696,-18.98728871687));
#580 = CARTESIAN_POINT('',(-3.047848018107,-19.11120538969));
#581 = CARTESIAN_POINT('',(-3.060485625414,-19.22157553789));
#582 = CARTESIAN_POINT('',(-3.074189895316,-19.31525586586));
#583 = CARTESIAN_POINT('',(-3.088859543021,-19.38907406896));
#584 = CARTESIAN_POINT('',(-3.123387630411,-19.50206354866));
#585 = CARTESIAN_POINT('',(-3.143279909442,-19.5282437088));
#586 = CARTESIAN_POINT('',(-3.163397331706,-19.51391946041));
#587 = CARTESIAN_POINT('',(-3.183048681832,-19.45902529433));
#588 = CARTESIAN_POINT('',(-3.201567874075,-19.36755614001));
#589 = CARTESIAN_POINT('',(-3.218397195817,-19.24748395644));
#590 = CARTESIAN_POINT('',(-3.246649370655,-18.98591897328));
#591 = CARTESIAN_POINT('',(-3.258730512041,-18.84421825697));
#592 = CARTESIAN_POINT('',(-3.269410793012,-18.68959319224));
#593 = CARTESIAN_POINT('',(-3.278722345448,-18.52503973388));
#594 = CARTESIAN_POINT('',(-3.286706813335,-18.35290199189));
#595 = CARTESIAN_POINT('',(-3.293405497974,-18.17503031456));
#596 = CARTESIAN_POINT('',(-3.307052064198,-17.71873838181));
#597 = CARTESIAN_POINT('',(-3.31242384194,-17.43470369987));
#598 = CARTESIAN_POINT('',(-3.31508530834,-17.14551186203));
#599 = CARTESIAN_POINT('',(-3.315087266249,-16.85459203586));
#600 = CARTESIAN_POINT('',(-3.312425851351,-16.56526201052));
#601 = CARTESIAN_POINT('',(-3.307048071641,-16.28112812147));
#602 = CARTESIAN_POINT('',(-3.291646131103,-15.76614280571));
#603 = CARTESIAN_POINT('',(-3.28222277673,-15.5317594218));
#604 = CARTESIAN_POINT('',(-3.270490633031,-15.30800630063));
#605 = CARTESIAN_POINT('',(-3.256360296594,-15.10005346522));
#606 = CARTESIAN_POINT('',(-3.239780204138,-14.91459119385));
#607 = CARTESIAN_POINT('',(-3.220753063147,-14.76007477968));
#608 = CARTESIAN_POINT('',(-3.184090458725,-14.56702764268));
#609 = CARTESIAN_POINT('',(-3.167591157506,-14.50826621108));
#610 = CARTESIAN_POINT('',(-3.150345692022,-14.47741813599));
#611 = CARTESIAN_POINT('',(-3.132842837046,-14.47740962608));
#612 = CARTESIAN_POINT('',(-3.115594593264,-14.50825576205));
#613 = CARTESIAN_POINT('',(-3.099092634946,-14.56703929792));
#614 = CARTESIAN_POINT('',(-3.068690681235,-14.72712094557));
#615 = CARTESIAN_POINT('',(-3.054736018401,-14.82771671243));
#616 = CARTESIAN_POINT('',(-3.041965092692,-14.94572848028));
#617 = CARTESIAN_POINT('',(-3.030414247932,-15.07781385026));
#618 = CARTESIAN_POINT('',(-3.020094018085,-15.22101972641));
#619 = CARTESIAN_POINT('',(-3.010995686115,-15.37270867928));
#620 = CARTESIAN_POINT('',(-2.993487528044,-15.72236251162));
#621 = CARTESIAN_POINT('',(-2.985598083244,-15.92425774508));
#622 = CARTESIAN_POINT('',(-2.979361861131,-16.1331577562));
#623 = CARTESIAN_POINT('',(-2.974724533088,-16.34681466131));
#624 = CARTESIAN_POINT('',(-2.9716458466,-16.56348243038));
#625 = CARTESIAN_POINT('',(-2.970104904468,-16.78167534635));
#626 = CARTESIAN_POINT('',(-2.970104904468,-17.));
#627 = ( GEOMETRIC_REPRESENTATION_CONTEXT(2) 
PARAMETRIC_REPRESENTATION_CONTEXT() REPRESENTATION_CONTEXT('2D SPACE',''
  ) );
#628 = PCURVE('',#629,#634);
#629 = CYLINDRICAL_SURFACE('',#630,2.5);
#630 = AXIS2_PLACEMENT_3D('',#631,#632,#633);
#631 = CARTESIAN_POINT('',(-15.65,0.,17.));
#632 = DIRECTION('',(-1.,-0.,-0.));
#633 = DIRECTION('',(0.,1.,0.));
#634 = DEFINITIONAL_REPRESENTATION('',(#635),#692);
#635 = B_SPLINE_CURVE_WITH_KNOTS('',7,(#636,#637,#638,#639,#640,#641,
    #642,#643,#644,#645,#646,#647,#648,#649,#650,#651,#652,#653,#654,
    #655,#656,#657,#658,#659,#660,#661,#662,#663,#664,#665,#666,#667,
    #668,#669,#670,#671,#672,#673,#674,#675,#676,#677,#678,#679,#680,
    #681,#682,#683,#684,#685,#686,#687,#688,#689,#690,#691),
  .UNSPECIFIED.,.F.,.F.,(8,6,6,6,6,6,6,6,6,8),(0.,0.131255630819,
    0.218855020874,0.32641004409,0.424707318943,0.572633741684,
    0.702738464309,0.796334151032,0.888265682539,1.),.UNSPECIFIED.);
#636 = CARTESIAN_POINT('',(0.,-1.214886560889));
#637 = CARTESIAN_POINT('',(-0.10360842833,-1.214886560889));
#638 = CARTESIAN_POINT('',(-0.20709400097,-1.209464302213));
#639 = CARTESIAN_POINT('',(-0.311390757854,-1.198641392398));
#640 = CARTESIAN_POINT('',(-0.417313951215,-1.182736604199));
#641 = CARTESIAN_POINT('',(-0.525740263288,-1.162388252015));
#642 = CARTESIAN_POINT('',(-0.6375653576,-1.138772147294));
#643 = CARTESIAN_POINT('',(-0.831678313988,-1.097124003081));
#644 = CARTESIAN_POINT('',(-0.911999864101,-1.079722773907));
#645 = CARTESIAN_POINT('',(-0.994791598795,-1.062261185894));
#646 = CARTESIAN_POINT('',(-1.080005442794,-1.04559553322));
#647 = CARTESIAN_POINT('',(-1.167668132146,-1.030709440813));
#648 = CARTESIAN_POINT('',(-1.257885698725,-1.018606558151));
#649 = CARTESIAN_POINT('',(-1.465069710424,-0.999776385894));
#650 = CARTESIAN_POINT('',(-1.581126163695,-0.995113757796));
#651 = CARTESIAN_POINT('',(-1.697409769279,-0.997522923321));
#652 = CARTESIAN_POINT('',(-1.812650709538,-1.007245998997));
#653 = CARTESIAN_POINT('',(-1.925492309418,-1.022763976942));
#654 = CARTESIAN_POINT('',(-2.034261870765,-1.041598374502));
#655 = CARTESIAN_POINT('',(-2.22952271671,-1.079444055238));
#656 = CARTESIAN_POINT('',(-2.319322371869,-1.098725801894));
#657 = CARTESIAN_POINT('',(-2.406230944393,-1.118055427278));
#658 = CARTESIAN_POINT('',(-2.490688497065,-1.13651173005));
#659 = CARTESIAN_POINT('',(-2.573083981219,-1.15341265078));
#660 = CARTESIAN_POINT('',(-2.653791581995,-1.168281524478));
#661 = CARTESIAN_POINT('',(-2.852664753529,-1.199592022671));
#662 = CARTESIAN_POINT('',(-2.969253361149,-1.213051525918));
#663 = CARTESIAN_POINT('',(-3.084294907316,-1.220017389494));
#664 = CARTESIAN_POINT('',(-3.198851271846,-1.220024177101));
#665 = CARTESIAN_POINT('',(-3.313940024959,-1.21305504127));
#666 = CARTESIAN_POINT('',(-3.430578737707,-1.199582862201));
#667 = CARTESIAN_POINT('',(-3.65503320575,-1.164244856768));
#668 = CARTESIAN_POINT('',(-3.762757482819,-1.143501429191));
#669 = CARTESIAN_POINT('',(-3.873827679178,-1.119306488506));
#670 = CARTESIAN_POINT('',(-3.988898038773,-1.092958883314));
#671 = CARTESIAN_POINT('',(-4.10873147943,-1.066425472467));
#672 = CARTESIAN_POINT('',(-4.23423140505,-1.042553782342));
#673 = CARTESIAN_POINT('',(-4.462191872966,-1.01150624641));
#674 = CARTESIAN_POINT('',(-4.561059062318,-1.001549311037));
#675 = CARTESIAN_POINT('',(-4.661747047702,-0.996070459589));
#676 = CARTESIAN_POINT('',(-4.763012615071,-0.996068671192));
#677 = CARTESIAN_POINT('',(-4.863715064308,-1.001547771723));
#678 = CARTESIAN_POINT('',(-4.962599850936,-1.011508120908));
#679 = CARTESIAN_POINT('',(-5.151632891633,-1.037253857337));
#680 = CARTESIAN_POINT('',(-5.241990585132,-1.052944053586));
#681 = CARTESIAN_POINT('',(-5.329439080215,-1.070470385401));
#682 = CARTESIAN_POINT('',(-5.414261900845,-1.0887765428));
#683 = CARTESIAN_POINT('',(-5.496671131382,-1.106956376923));
#684 = CARTESIAN_POINT('',(-5.576832227828,-1.124301297634));
#685 = CARTESIAN_POINT('',(-5.749710589971,-1.159712291184));
#686 = CARTESIAN_POINT('',(-5.841909266587,-1.1772310307));
#687 = CARTESIAN_POINT('',(-5.932101238766,-1.191959607454));
#688 = CARTESIAN_POINT('',(-6.02082517753,-1.203338000963));
#689 = CARTESIAN_POINT('',(-6.108577519742,-1.211034000124));
#690 = CARTESIAN_POINT('',(-6.195855445722,-1.214886560889));
#691 = CARTESIAN_POINT('',(-6.28318530718,-1.214886560889));
#692 = ( GEOMETRIC_REPRESENTATION_CONTEXT(2) 
PARAMETRIC_REPRESENTATION_CONTEXT() REPRESENTATION_CONTEXT('2D SPACE',''
  ) );
#693 = FACE_BOUND('',#694,.F.);
#694 = EDGE_LOOP('',(#695));
#695 = ORIENTED_EDGE('',*,*,#696,.T.);
#696 = EDGE_CURVE('',#697,#697,#699,.T.);
#697 = VERTEX_POINT('',#698);
#698 = CARTESIAN_POINT('',(1.45,-14.57806571531,17.));
#699 = SURFACE_CURVE('',#700,(#745,#793),.PCURVE_S1.);
#700 = B_SPLINE_CURVE_WITH_KNOTS('',7,(#701,#702,#703,#704,#705,#706,
    #707,#708,#709,#710,#711,#712,#713,#714,#715,#716,#717,#718,#719,
    #720,#721,#722,#723,#724,#725,#726,#727,#728,#729,#730,#731,#732,
    #733,#734,#735,#736,#737,#738,#739,#740,#741,#742,#743,#744),
  .UNSPECIFIED.,.T.,.F.,(8,6,6,6,6,6,6,8),(0.,0.151854301703,
    0.286122135683,0.42273965961,0.587392362123,0.713725981015,
    0.838515002038,1.),.UNSPECIFIED.);
#701 = CARTESIAN_POINT('',(1.45,-14.57806571531,17.));
#702 = CARTESIAN_POINT('',(1.45,-14.57806571531,17.173845385867));
#703 = CARTESIAN_POINT('',(1.425684045418,-14.5804841834,17.347685569366
    ));
#704 = CARTESIAN_POINT('',(1.377049245272,-14.58532216951,
    17.519204364958));
#705 = CARTESIAN_POINT('',(1.303492072639,-14.59237902979,
    17.685819092553));
#706 = CARTESIAN_POINT('',(1.204091327705,-14.60123608763,
    17.844270004643));
#707 = CARTESIAN_POINT('',(1.077838129816,-14.61110687073,
    17.990197282322));
#708 = CARTESIAN_POINT('',(0.788476993048,-14.62939903207,
    18.229577633024));
#709 = CARTESIAN_POINT('',(0.627097080552,-14.63812279601,
    18.330652943394));
#710 = CARTESIAN_POINT('',(0.443410483702,-14.64578597573,
    18.409431529037));
#711 = CARTESIAN_POINT('',(0.244020964151,-14.65088834244,
    18.458353422781));
#712 = CARTESIAN_POINT('',(3.757788011591E-02,-14.65236807247,
    18.473395631086));
#713 = CARTESIAN_POINT('',(-0.166719057134,-14.65033506424,
    18.454225835241));
#714 = CARTESIAN_POINT('',(-0.557874542151,-14.64070410534,
    18.353794176571));
#715 = CARTESIAN_POINT('',(-0.738055328145,-14.63316562314,
    18.273072757809));
#716 = CARTESIAN_POINT('',(-0.897799997105,-14.62399213067,
    18.168663865799));
#717 = CARTESIAN_POINT('',(-1.035402488027,-14.61437554872,
    18.04608946705));
#718 = CARTESIAN_POINT('',(-1.150119566372,-14.60529399755,
    17.910362441362));
#719 = CARTESIAN_POINT('',(-1.242031263023,-14.59742420561,
    17.766069462912));
#720 = CARTESIAN_POINT('',(-1.39632526182,-14.583550464,17.438178025));
#721 = CARTESIAN_POINT('',(-1.450429360072,-14.57811240724,
    17.249081221471));
#722 = CARTESIAN_POINT('',(-1.474750381817,-14.57551735761,
    17.054411693528));
#723 = CARTESIAN_POINT('',(-1.469116520557,-14.57610794404,
    16.857932209608));
#724 = CARTESIAN_POINT('',(-1.433187728764,-14.57989560089,
    16.663724693593));
#725 = CARTESIAN_POINT('',(-1.366849990545,-14.58641651392,
    16.476453971757));
#726 = CARTESIAN_POINT('',(-1.196828926673,-14.60121880483,
    16.167186804678));
#727 = CARTESIAN_POINT('',(-1.104031509215,-14.60885898742,
    16.037599140078));
#728 = CARTESIAN_POINT('',(-0.991688645507,-14.61735676453,
    15.916314235325));
#729 = CARTESIAN_POINT('',(-0.859928248637,-14.62611944563,
    15.807198347124));
#730 = CARTESIAN_POINT('',(-0.709570156333,-14.63434021339,
    15.714357275991));
#731 = CARTESIAN_POINT('',(-0.542206014169,-14.64108989298,
    15.642182829212));
#732 = CARTESIAN_POINT('',(-0.181215031502,-14.64997814701,
    15.549496098377));
#733 = CARTESIAN_POINT('',(7.730330073907E-03,-14.65206482069,
    15.529476005895));
#734 = CARTESIAN_POINT('',(0.199428674002,-14.6511691496,15.538786589858
    ));
#735 = CARTESIAN_POINT('',(0.386220699853,-14.64714113113,
    15.577538676523));
#736 = CARTESIAN_POINT('',(0.56081153453,-14.64071454456,15.642836223527
    ));
#737 = CARTESIAN_POINT('',(0.717314167333,-14.63305300872,
    15.728860681134));
#738 = CARTESIAN_POINT('',(1.026954210286,-14.6150086119,15.953827340712
    ));
#739 = CARTESIAN_POINT('',(1.170718087249,-14.60418848275,
    16.104635164079));
#740 = CARTESIAN_POINT('',(1.283764267561,-14.59426672867,16.271022946)
  );
#741 = CARTESIAN_POINT('',(1.367300700273,-14.58629234307,
    16.447467442554));
#742 = CARTESIAN_POINT('',(1.422439795424,-14.58080673463,
    16.629808617102));
#743 = CARTESIAN_POINT('',(1.45,-14.57806571531,16.814924568913));
#744 = CARTESIAN_POINT('',(1.45,-14.57806571531,17.));
#745 = PCURVE('',#183,#746);
#746 = DEFINITIONAL_REPRESENTATION('',(#747),#792);
#747 = B_SPLINE_CURVE_WITH_KNOTS('',7,(#748,#749,#750,#751,#752,#753,
    #754,#755,#756,#757,#758,#759,#760,#761,#762,#763,#764,#765,#766,
    #767,#768,#769,#770,#771,#772,#773,#774,#775,#776,#777,#778,#779,
    #780,#781,#782,#783,#784,#785,#786,#787,#788,#789,#790,#791),
  .UNSPECIFIED.,.T.,.F.,(8,6,6,6,6,6,6,8),(0.,0.151854301703,
    0.286122135683,0.42273965961,0.587392362123,0.713725981015,
    0.838515002038,1.),.UNSPECIFIED.);
#748 = CARTESIAN_POINT('',(-4.811527405615,-17.));
#749 = CARTESIAN_POINT('',(-4.811527405615,-17.17384538586));
#750 = CARTESIAN_POINT('',(-4.809859423491,-17.34768556936));
#751 = CARTESIAN_POINT('',(-4.806523259713,-17.51920436495));
#752 = CARTESIAN_POINT('',(-4.801479265034,-17.68581909255));
#753 = CARTESIAN_POINT('',(-4.794667706729,-17.84427000464));
#754 = CARTESIAN_POINT('',(-4.786024401931,-17.99019728232));
#755 = CARTESIAN_POINT('',(-4.76623336193,-18.22957763302));
#756 = CARTESIAN_POINT('',(-4.755202061143,-18.33065294339));
#757 = CARTESIAN_POINT('',(-4.742654302346,-18.40943152903));
#758 = CARTESIAN_POINT('',(-4.729043377983,-18.45835342278));
#759 = CARTESIAN_POINT('',(-4.714954756309,-18.47339563108));
#760 = CARTESIAN_POINT('',(-4.701010364693,-18.45422583524));
#761 = CARTESIAN_POINT('',(-4.67430223958,-18.35379417657));
#762 = CARTESIAN_POINT('',(-4.661994273223,-18.2730727578));
#763 = CARTESIAN_POINT('',(-4.651074083047,-18.16866386579));
#764 = CARTESIAN_POINT('',(-4.641659281154,-18.04608946705));
#765 = CARTESIAN_POINT('',(-4.633804549876,-17.91036244136));
#766 = CARTESIAN_POINT('',(-4.627507811954,-17.76606946291));
#767 = CARTESIAN_POINT('',(-4.61693330754,-17.438178025));
#768 = CARTESIAN_POINT('',(-4.613221791687,-17.24908122147));
#769 = CARTESIAN_POINT('',(-4.611552146395,-17.05441169352));
#770 = CARTESIAN_POINT('',(-4.611938837528,-16.8579322096));
#771 = CARTESIAN_POINT('',(-4.61440497003,-16.66372469359));
#772 = CARTESIAN_POINT('',(-4.618954684552,-16.47645397175));
#773 = CARTESIAN_POINT('',(-4.630604118162,-16.16718680467));
#774 = CARTESIAN_POINT('',(-4.636959776707,-16.03759914007));
#775 = CARTESIAN_POINT('',(-4.644649846321,-15.91631423532));
#776 = CARTESIAN_POINT('',(-4.653662861143,-15.80719834712));
#777 = CARTESIAN_POINT('',(-4.663940036379,-15.71435727599));
#778 = CARTESIAN_POINT('',(-4.675372087816,-15.64218282921));
#779 = CARTESIAN_POINT('',(-4.700020578503,-15.54949609837));
#780 = CARTESIAN_POINT('',(-4.712917480801,-15.52947600589));
#781 = CARTESIAN_POINT('',(-4.72600017472,-15.53878658985));
#782 = CARTESIAN_POINT('',(-4.738750408637,-15.57753867652));
#783 = CARTESIAN_POINT('',(-4.750674545194,-15.64283622352));
#784 = CARTESIAN_POINT('',(-4.761369640657,-15.72886068113));
#785 = CARTESIAN_POINT('',(-4.782541338236,-15.95382734071));
#786 = CARTESIAN_POINT('',(-4.792380917062,-16.10463516407));
#787 = CARTESIAN_POINT('',(-4.800126507506,-16.271022946));
#788 = CARTESIAN_POINT('',(-4.805854547409,-16.44746744255));
#789 = CARTESIAN_POINT('',(-4.809636879989,-16.6298086171));
#790 = CARTESIAN_POINT('',(-4.811527405615,-16.81492456891));
#791 = CARTESIAN_POINT('',(-4.811527405615,-17.));
#792 = ( GEOMETRIC_REPRESENTATION_CONTEXT(2) 
PARAMETRIC_REPRESENTATION_CONTEXT() REPRESENTATION_CONTEXT('2D SPACE',''
  ) );
#793 = PCURVE('',#794,#799);
#794 = CYLINDRICAL_SURFACE('',#795,1.45);
#795 = AXIS2_PLACEMENT_3D('',#796,#797,#798);
#796 = CARTESIAN_POINT('',(0.,15.65,17.));
#797 = DIRECTION('',(-0.,1.,-0.));
#798 = DIRECTION('',(1.,0.,0.));
#799 = DEFINITIONAL_REPRESENTATION('',(#800),#845);
#800 = B_SPLINE_CURVE_WITH_KNOTS('',7,(#801,#802,#803,#804,#805,#806,
    #807,#808,#809,#810,#811,#812,#813,#814,#815,#816,#817,#818,#819,
    #820,#821,#822,#823,#824,#825,#826,#827,#828,#829,#830,#831,#832,
    #833,#834,#835,#836,#837,#838,#839,#840,#841,#842,#843,#844),
  .UNSPECIFIED.,.F.,.F.,(8,6,6,6,6,6,6,8),(0.,0.151854301703,
    0.286122135683,0.42273965961,0.587392362123,0.713725981015,
    0.838515002038,1.),.UNSPECIFIED.);
#801 = CARTESIAN_POINT('',(0.,-30.22806571531));
#802 = CARTESIAN_POINT('',(-0.119893369563,-30.22806571531));
#803 = CARTESIAN_POINT('',(-0.239782547321,-30.2304841834));
#804 = CARTESIAN_POINT('',(-0.360889022978,-30.23532216951));
#805 = CARTESIAN_POINT('',(-0.48423427266,-30.24237902979));
#806 = CARTESIAN_POINT('',(-0.610948599229,-30.25123608763));
#807 = CARTESIAN_POINT('',(-0.742188666966,-30.26110687073));
#808 = CARTESIAN_POINT('',(-1.001184091819,-30.27939903207));
#809 = CARTESIAN_POINT('',(-1.13137365738,-30.28812279601));
#810 = CARTESIAN_POINT('',(-1.26653935619,-30.29578597573));
#811 = CARTESIAN_POINT('',(-1.404697692888,-30.30088834244));
#812 = CARTESIAN_POINT('',(-1.544320484798,-30.30236807247));
#813 = CARTESIAN_POINT('',(-1.684075471841,-30.30033506424));
#814 = CARTESIAN_POINT('',(-1.962587853933,-30.29070410534));
#815 = CARTESIAN_POINT('',(-2.096791749813,-30.28316562314));
#816 = CARTESIAN_POINT('',(-2.225929043777,-30.27399213067));
#817 = CARTESIAN_POINT('',(-2.350646892339,-30.26437554872));
#818 = CARTESIAN_POINT('',(-2.471409294901,-30.25529399755));
#819 = CARTESIAN_POINT('',(-2.588439211163,-30.24742420561));
#820 = CARTESIAN_POINT('',(-2.838356613092,-30.233550464));
#821 = CARTESIAN_POINT('',(-2.972244188216,-30.22811240724));
#822 = CARTESIAN_POINT('',(-3.105022203686,-30.22551735761));
#823 = CARTESIAN_POINT('',(-3.237732190433,-30.22610794404));
#824 = CARTESIAN_POINT('',(-3.371307951685,-30.22989560089));
#825 = CARTESIAN_POINT('',(-3.506524634695,-30.23641651392));
#826 = CARTESIAN_POINT('',(-3.749918535815,-30.25121880483));
#827 = CARTESIAN_POINT('',(-3.859065812774,-30.25885898742));
#828 = CARTESIAN_POINT('',(-3.971618437052,-30.26735676453));
#829 = CARTESIAN_POINT('',(-4.087687569263,-30.27611944563));
#830 = CARTESIAN_POINT('',(-4.207577519274,-30.28434021339));
#831 = CARTESIAN_POINT('',(-4.331753832792,-30.29108989298));
#832 = CARTESIAN_POINT('',(-4.588788342974,-30.29997814701));
#833 = CARTESIAN_POINT('',(-4.718434724208,-30.30206482069));
#834 = CARTESIAN_POINT('',(-4.848296358789,-30.3011691496));
#835 = CARTESIAN_POINT('',(-4.977089639926,-30.29714113113));
#836 = CARTESIAN_POINT('',(-5.103455357541,-30.29071454456));
#837 = CARTESIAN_POINT('',(-5.225647101751,-30.28305300872));
#838 = CARTESIAN_POINT('',(-5.489603061506,-30.2650086119));
#839 = CARTESIAN_POINT('',(-5.630949177614,-30.25418848275));
#840 = CARTESIAN_POINT('',(-5.766854948425,-30.24426672867));
#841 = CARTESIAN_POINT('',(-5.89872935802,-30.23629234307));
#842 = CARTESIAN_POINT('',(-6.02788160104,-30.23080673463));
#843 = CARTESIAN_POINT('',(-6.155547078844,-30.22806571531));
#844 = CARTESIAN_POINT('',(-6.28318530718,-30.22806571531));
#845 = ( GEOMETRIC_REPRESENTATION_CONTEXT(2) 
PARAMETRIC_REPRESENTATION_CONTEXT() REPRESENTATION_CONTEXT('2D SPACE',''
  ) );
#846 = ADVANCED_FACE('',(#847),#72,.F.);
#847 = FACE_BOUND('',#848,.F.);
#848 = EDGE_LOOP('',(#849,#850,#873,#894));
#849 = ORIENTED_EDGE('',*,*,#283,.T.);
#850 = ORIENTED_EDGE('',*,*,#851,.T.);
#851 = EDGE_CURVE('',#256,#852,#854,.T.);
#852 = VERTEX_POINT('',#853);
#853 = CARTESIAN_POINT('',(22.65,-15.,34.));
#854 = SURFACE_CURVE('',#855,(#859,#866),.PCURVE_S1.);
#855 = LINE('',#856,#857);
#856 = CARTESIAN_POINT('',(12.65,-15.,34.));
#857 = VECTOR('',#858,1.);
#858 = DIRECTION('',(1.,0.,0.));
#859 = PCURVE('',#72,#860);
#860 = DEFINITIONAL_REPRESENTATION('',(#861),#865);
#861 = LINE('',#862,#863);
#862 = CARTESIAN_POINT('',(0.,-34.));
#863 = VECTOR('',#864,1.);
#864 = DIRECTION('',(1.,0.));
#865 = ( GEOMETRIC_REPRESENTATION_CONTEXT(2) 
PARAMETRIC_REPRESENTATION_CONTEXT() REPRESENTATION_CONTEXT('2D SPACE',''
  ) );
#866 = PCURVE('',#271,#867);
#867 = DEFINITIONAL_REPRESENTATION('',(#868),#872);
#868 = LINE('',#869,#870);
#869 = CARTESIAN_POINT('',(-5.,-15.));
#870 = VECTOR('',#871,1.);
#871 = DIRECTION('',(1.,0.));
#872 = ( GEOMETRIC_REPRESENTATION_CONTEXT(2) 
PARAMETRIC_REPRESENTATION_CONTEXT() REPRESENTATION_CONTEXT('2D SPACE',''
  ) );
#873 = ORIENTED_EDGE('',*,*,#874,.F.);
#874 = EDGE_CURVE('',#57,#852,#875,.T.);
#875 = SURFACE_CURVE('',#876,(#880,#887),.PCURVE_S1.);
#876 = LINE('',#877,#878);
#877 = CARTESIAN_POINT('',(22.65,-15.,0.));
#878 = VECTOR('',#879,1.);
#879 = DIRECTION('',(0.,0.,1.));
#880 = PCURVE('',#72,#881);
#881 = DEFINITIONAL_REPRESENTATION('',(#882),#886);
#882 = LINE('',#883,#884);
#883 = CARTESIAN_POINT('',(10.,0.));
#884 = VECTOR('',#885,1.);
#885 = DIRECTION('',(0.,-1.));
#886 = ( GEOMETRIC_REPRESENTATION_CONTEXT(2) 
PARAMETRIC_REPRESENTATION_CONTEXT() REPRESENTATION_CONTEXT('2D SPACE',''
  ) );
#887 = PCURVE('',#100,#888);
#888 = DEFINITIONAL_REPRESENTATION('',(#889),#893);
#889 = LINE('',#890,#891);
#890 = CARTESIAN_POINT('',(0.,0.));
#891 = VECTOR('',#892,1.);
#892 = DIRECTION('',(0.,-1.));
#893 = ( GEOMETRIC_REPRESENTATION_CONTEXT(2) 
PARAMETRIC_REPRESENTATION_CONTEXT() REPRESENTATION_CONTEXT('2D SPACE',''
  ) );
#894 = ORIENTED_EDGE('',*,*,#56,.F.);
#895 = ADVANCED_FACE('',(#896),#156,.F.);
#896 = FACE_BOUND('',#897,.F.);
#897 = EDGE_LOOP('',(#898,#899,#922,#943));
#898 = ORIENTED_EDGE('',*,*,#140,.F.);
#899 = ORIENTED_EDGE('',*,*,#900,.T.);
#900 = EDGE_CURVE('',#113,#901,#903,.T.);
#901 = VERTEX_POINT('',#902);
#902 = CARTESIAN_POINT('',(12.65,15.,34.));
#903 = SURFACE_CURVE('',#904,(#908,#915),.PCURVE_S1.);
#904 = LINE('',#905,#906);
#905 = CARTESIAN_POINT('',(12.65,15.,0.));
#906 = VECTOR('',#907,1.);
#907 = DIRECTION('',(0.,0.,1.));
#908 = PCURVE('',#156,#909);
#909 = DEFINITIONAL_REPRESENTATION('',(#910),#914);
#910 = LINE('',#911,#912);
#911 = CARTESIAN_POINT('',(0.,0.));
#912 = VECTOR('',#913,1.);
#913 = DIRECTION('',(0.,-1.));
#914 = ( GEOMETRIC_REPRESENTATION_CONTEXT(2) 
PARAMETRIC_REPRESENTATION_CONTEXT() REPRESENTATION_CONTEXT('2D SPACE',''
  ) );
#915 = PCURVE('',#128,#916);
#916 = DEFINITIONAL_REPRESENTATION('',(#917),#921);
#917 = LINE('',#918,#919);
#918 = CARTESIAN_POINT('',(10.,0.));
#919 = VECTOR('',#920,1.);
#920 = DIRECTION('',(0.,-1.));
#921 = ( GEOMETRIC_REPRESENTATION_CONTEXT(2) 
PARAMETRIC_REPRESENTATION_CONTEXT() REPRESENTATION_CONTEXT('2D SPACE',''
  ) );
#922 = ORIENTED_EDGE('',*,*,#923,.T.);
#923 = EDGE_CURVE('',#901,#309,#924,.T.);
#924 = SURFACE_CURVE('',#925,(#929,#936),.PCURVE_S1.);
#925 = LINE('',#926,#927);
#926 = CARTESIAN_POINT('',(12.65,15.,34.));
#927 = VECTOR('',#928,1.);
#928 = DIRECTION('',(0.,-1.,0.));
#929 = PCURVE('',#156,#930);
#930 = DEFINITIONAL_REPRESENTATION('',(#931),#935);
#931 = LINE('',#932,#933);
#932 = CARTESIAN_POINT('',(0.,-34.));
#933 = VECTOR('',#934,1.);
#934 = DIRECTION('',(1.,0.));
#935 = ( GEOMETRIC_REPRESENTATION_CONTEXT(2) 
PARAMETRIC_REPRESENTATION_CONTEXT() REPRESENTATION_CONTEXT('2D SPACE',''
  ) );
#936 = PCURVE('',#271,#937);
#937 = DEFINITIONAL_REPRESENTATION('',(#938),#942);
#938 = LINE('',#939,#940);
#939 = CARTESIAN_POINT('',(-5.,15.));
#940 = VECTOR('',#941,1.);
#941 = DIRECTION('',(0.,-1.));
#942 = ( GEOMETRIC_REPRESENTATION_CONTEXT(2) 
PARAMETRIC_REPRESENTATION_CONTEXT() REPRESENTATION_CONTEXT('2D SPACE',''
  ) );
#943 = ORIENTED_EDGE('',*,*,#308,.T.);
#944 = ADVANCED_FACE('',(#945),#100,.F.);
#945 = FACE_BOUND('',#946,.F.);
#946 = EDGE_LOOP('',(#947,#948,#971,#992));
#947 = ORIENTED_EDGE('',*,*,#874,.T.);
#948 = ORIENTED_EDGE('',*,*,#949,.T.);
#949 = EDGE_CURVE('',#852,#950,#952,.T.);
#950 = VERTEX_POINT('',#951);
#951 = CARTESIAN_POINT('',(22.65,15.,34.));
#952 = SURFACE_CURVE('',#953,(#957,#964),.PCURVE_S1.);
#953 = LINE('',#954,#955);
#954 = CARTESIAN_POINT('',(22.65,-15.,34.));
#955 = VECTOR('',#956,1.);
#956 = DIRECTION('',(0.,1.,0.));
#957 = PCURVE('',#100,#958);
#958 = DEFINITIONAL_REPRESENTATION('',(#959),#963);
#959 = LINE('',#960,#961);
#960 = CARTESIAN_POINT('',(0.,-34.));
#961 = VECTOR('',#962,1.);
#962 = DIRECTION('',(1.,0.));
#963 = ( GEOMETRIC_REPRESENTATION_CONTEXT(2) 
PARAMETRIC_REPRESENTATION_CONTEXT() REPRESENTATION_CONTEXT('2D SPACE',''
  ) );
#964 = PCURVE('',#271,#965);
#965 = DEFINITIONAL_REPRESENTATION('',(#966),#970);
#966 = LINE('',#967,#968);
#967 = CARTESIAN_POINT('',(5.,-15.));
#968 = VECTOR('',#969,1.);
#969 = DIRECTION('',(0.,1.));
#970 = ( GEOMETRIC_REPRESENTATION_CONTEXT(2) 
PARAMETRIC_REPRESENTATION_CONTEXT() REPRESENTATION_CONTEXT('2D SPACE',''
  ) );
#971 = ORIENTED_EDGE('',*,*,#972,.F.);
#972 = EDGE_CURVE('',#85,#950,#973,.T.);
#973 = SURFACE_CURVE('',#974,(#978,#985),.PCURVE_S1.);
#974 = LINE('',#975,#976);
#975 = CARTESIAN_POINT('',(22.65,15.,0.));
#976 = VECTOR('',#977,1.);
#977 = DIRECTION('',(0.,0.,1.));
#978 = PCURVE('',#100,#979);
#979 = DEFINITIONAL_REPRESENTATION('',(#980),#984);
#980 = LINE('',#981,#982);
#981 = CARTESIAN_POINT('',(30.,0.));
#982 = VECTOR('',#983,1.);
#983 = DIRECTION('',(0.,-1.));
#984 = ( GEOMETRIC_REPRESENTATION_CONTEXT(2) 
PARAMETRIC_REPRESENTATION_CONTEXT() REPRESENTATION_CONTEXT('2D SPACE',''
  ) );
#985 = PCURVE('',#128,#986);
#986 = DEFINITIONAL_REPRESENTATION('',(#987),#991);
#987 = LINE('',#988,#989);
#988 = CARTESIAN_POINT('',(0.,-0.));
#989 = VECTOR('',#990,1.);
#990 = DIRECTION('',(0.,-1.));
#991 = ( GEOMETRIC_REPRESENTATION_CONTEXT(2) 
PARAMETRIC_REPRESENTATION_CONTEXT() REPRESENTATION_CONTEXT('2D SPACE',''
  ) );
#992 = ORIENTED_EDGE('',*,*,#84,.F.);
#993 = ADVANCED_FACE('',(#994),#128,.F.);
#994 = FACE_BOUND('',#995,.F.);
#995 = EDGE_LOOP('',(#996,#997,#1018,#1019));
#996 = ORIENTED_EDGE('',*,*,#972,.T.);
#997 = ORIENTED_EDGE('',*,*,#998,.T.);
#998 = EDGE_CURVE('',#950,#901,#999,.T.);
#999 = SURFACE_CURVE('',#1000,(#1004,#1011),.PCURVE_S1.);
#1000 = LINE('',#1001,#1002);
#1001 = CARTESIAN_POINT('',(22.65,15.,34.));
#1002 = VECTOR('',#1003,1.);
#1003 = DIRECTION('',(-1.,0.,0.));
#1004 = PCURVE('',#128,#1005);
#1005 = DEFINITIONAL_REPRESENTATION('',(#1006),#1010);
#1006 = LINE('',#1007,#1008);
#1007 = CARTESIAN_POINT('',(0.,-34.));
#1008 = VECTOR('',#1009,1.);
#1009 = DIRECTION('',(1.,0.));
#1010 = ( GEOMETRIC_REPRESENTATION_CONTEXT(2) 
PARAMETRIC_REPRESENTATION_CONTEXT() REPRESENTATION_CONTEXT('2D SPACE',''
  ) );
#1011 = PCURVE('',#271,#1012);
#1012 = DEFINITIONAL_REPRESENTATION('',(#1013),#1017);
#1013 = LINE('',#1014,#1015);
#1014 = CARTESIAN_POINT('',(5.,15.));
#1015 = VECTOR('',#1016,1.);
#1016 = DIRECTION('',(-1.,0.));
#1017 = ( GEOMETRIC_REPRESENTATION_CONTEXT(2) 
PARAMETRIC_REPRESENTATION_CONTEXT() REPRESENTATION_CONTEXT('2D SPACE',''
  ) );
#1018 = ORIENTED_EDGE('',*,*,#900,.F.);
#1019 = ORIENTED_EDGE('',*,*,#112,.F.);
#1020 = ADVANCED_FACE('',(#1021,#1074,#1222,#1370),#218,.F.);
#1021 = FACE_BOUND('',#1022,.T.);
#1022 = EDGE_LOOP('',(#1023,#1024,#1047,#1073));
#1023 = ORIENTED_EDGE('',*,*,#197,.T.);
#1024 = ORIENTED_EDGE('',*,*,#1025,.T.);
#1025 = EDGE_CURVE('',#198,#1026,#1028,.T.);
#1026 = VERTEX_POINT('',#1027);
#1027 = CARTESIAN_POINT('',(10.825,0.,34.));
#1028 = SEAM_CURVE('',#1029,(#1033,#1040),.PCURVE_S1.);
#1029 = LINE('',#1030,#1031);
#1030 = CARTESIAN_POINT('',(10.825,0.,-1.));
#1031 = VECTOR('',#1032,1.);
#1032 = DIRECTION('',(0.,0.,1.));
#1033 = PCURVE('',#218,#1034);
#1034 = DEFINITIONAL_REPRESENTATION('',(#1035),#1039);
#1035 = LINE('',#1036,#1037);
#1036 = CARTESIAN_POINT('',(-6.28318530718,0.));
#1037 = VECTOR('',#1038,1.);
#1038 = DIRECTION('',(-0.,-1.));
#1039 = ( GEOMETRIC_REPRESENTATION_CONTEXT(2) 
PARAMETRIC_REPRESENTATION_CONTEXT() REPRESENTATION_CONTEXT('2D SPACE',''
  ) );
#1040 = PCURVE('',#218,#1041);
#1041 = DEFINITIONAL_REPRESENTATION('',(#1042),#1046);
#1042 = LINE('',#1043,#1044);
#1043 = CARTESIAN_POINT('',(-0.,0.));
#1044 = VECTOR('',#1045,1.);
#1045 = DIRECTION('',(-0.,-1.));
#1046 = ( GEOMETRIC_REPRESENTATION_CONTEXT(2) 
PARAMETRIC_REPRESENTATION_CONTEXT() REPRESENTATION_CONTEXT('2D SPACE',''
  ) );
#1047 = ORIENTED_EDGE('',*,*,#1048,.F.);
#1048 = EDGE_CURVE('',#1026,#1026,#1049,.T.);
#1049 = SURFACE_CURVE('',#1050,(#1055,#1062),.PCURVE_S1.);
#1050 = CIRCLE('',#1051,10.825);
#1051 = AXIS2_PLACEMENT_3D('',#1052,#1053,#1054);
#1052 = CARTESIAN_POINT('',(0.,0.,34.));
#1053 = DIRECTION('',(0.,0.,-1.));
#1054 = DIRECTION('',(1.,0.,0.));
#1055 = PCURVE('',#218,#1056);
#1056 = DEFINITIONAL_REPRESENTATION('',(#1057),#1061);
#1057 = LINE('',#1058,#1059);
#1058 = CARTESIAN_POINT('',(-6.28318530718,-35.));
#1059 = VECTOR('',#1060,1.);
#1060 = DIRECTION('',(1.,-0.));
#1061 = ( GEOMETRIC_REPRESENTATION_CONTEXT(2) 
PARAMETRIC_REPRESENTATION_CONTEXT() REPRESENTATION_CONTEXT('2D SPACE',''
  ) );
#1062 = PCURVE('',#271,#1063);
#1063 = DEFINITIONAL_REPRESENTATION('',(#1064),#1072);
#1064 = ( BOUNDED_CURVE() B_SPLINE_CURVE(2,(#1065,#1066,#1067,#1068,
#1069,#1070,#1071),.UNSPECIFIED.,.T.,.F.) B_SPLINE_CURVE_WITH_KNOTS((1,2
    ,2,2,2,1),(-2.094395102393,0.,2.094395102393,4.188790204786,
6.28318530718,8.377580409573),.UNSPECIFIED.) CURVE() 
GEOMETRIC_REPRESENTATION_ITEM() RATIONAL_B_SPLINE_CURVE((1.,0.5,1.,0.5,
1.,0.5,1.)) REPRESENTATION_ITEM('') );
#1065 = CARTESIAN_POINT('',(-6.825,0.));
#1066 = CARTESIAN_POINT('',(-6.825,-18.74944999193));
#1067 = CARTESIAN_POINT('',(-23.0625,-9.374724995967));
#1068 = CARTESIAN_POINT('',(-39.3,-2.651360320154E-15));
#1069 = CARTESIAN_POINT('',(-23.0625,9.374724995967));
#1070 = CARTESIAN_POINT('',(-6.825,18.749449991933));
#1071 = CARTESIAN_POINT('',(-6.825,0.));
#1072 = ( GEOMETRIC_REPRESENTATION_CONTEXT(2) 
PARAMETRIC_REPRESENTATION_CONTEXT() REPRESENTATION_CONTEXT('2D SPACE',''
  ) );
#1073 = ORIENTED_EDGE('',*,*,#1025,.F.);
#1074 = FACE_BOUND('',#1075,.T.);
#1075 = EDGE_LOOP('',(#1076));
#1076 = ORIENTED_EDGE('',*,*,#1077,.F.);
#1077 = EDGE_CURVE('',#1078,#1078,#1080,.T.);
#1078 = VERTEX_POINT('',#1079);
#1079 = CARTESIAN_POINT('',(1.45,10.727447273233,17.));
#1080 = SURFACE_CURVE('',#1081,(#1126,#1174),.PCURVE_S1.);
#1081 = B_SPLINE_CURVE_WITH_KNOTS('',7,(#1082,#1083,#1084,#1085,#1086,
    #1087,#1088,#1089,#1090,#1091,#1092,#1093,#1094,#1095,#1096,#1097,
    #1098,#1099,#1100,#1101,#1102,#1103,#1104,#1105,#1106,#1107,#1108,
    #1109,#1110,#1111,#1112,#1113,#1114,#1115,#1116,#1117,#1118,#1119,
    #1120,#1121,#1122,#1123,#1124,#1125),.UNSPECIFIED.,.T.,.F.,(8,6,6,6,
    6,6,6,8),(0.,0.15181995641,0.286133339353,0.422747190169,
    0.587428874744,0.713761103186,0.838574735695,1.),.UNSPECIFIED.);
#1082 = CARTESIAN_POINT('',(1.45,10.727447273233,17.));
#1083 = CARTESIAN_POINT('',(1.45,10.727447273233,17.173978120624));
#1084 = CARTESIAN_POINT('',(1.425646870454,10.730738886315,
    17.34794083782));
#1085 = CARTESIAN_POINT('',(1.37694306155,10.737322739884,
    17.519534326291));
#1086 = CARTESIAN_POINT('',(1.303314754025,10.746918431895,
    17.686150790451));
#1087 = CARTESIAN_POINT('',(1.203883172585,10.7589430866,17.84452813267)
  );
#1088 = CARTESIAN_POINT('',(1.077678905006,10.772322957947,
    17.99032900454));
#1089 = CARTESIAN_POINT('',(0.788541063971,10.797100731058,
    18.229524628948));
#1090 = CARTESIAN_POINT('',(0.627181278547,10.808920206522,
    18.330614002806));
#1091 = CARTESIAN_POINT('',(0.443494148287,10.81929679025,
    18.409406698385));
#1092 = CARTESIAN_POINT('',(0.244107158152,10.82619890649,
    18.458338176762));
#1093 = CARTESIAN_POINT('',(3.765945518373E-02,10.828204931401,
    18.473398562824));
#1094 = CARTESIAN_POINT('',(-0.166666526699,10.825456081527,
    18.454239322765));
#1095 = CARTESIAN_POINT('',(-0.55785576965,10.812417623796,
    18.35379899653));
#1096 = CARTESIAN_POINT('',(-0.737987664,10.802213150417,18.273096698921
    ));
#1097 = CARTESIAN_POINT('',(-0.897684220513,10.789792124718,
    18.168732618306));
#1098 = CARTESIAN_POINT('',(-1.035265928526,10.776759236039,
    18.046212968526));
#1099 = CARTESIAN_POINT('',(-1.150002193714,10.764437582831,
    17.910520737964));
#1100 = CARTESIAN_POINT('',(-1.241968812948,10.753748920367,
    17.766202176077));
#1101 = CARTESIAN_POINT('',(-1.396417653171,10.734890565572,
    17.437981683384));
#1102 = CARTESIAN_POINT('',(-1.450462304072,10.727506399544,
    17.248848937058));
#1103 = CARTESIAN_POINT('',(-1.474715063126,10.723988330974,
    17.054286803327));
#1104 = CARTESIAN_POINT('',(-1.46907628899,10.724792054593,
    16.857976733732));
#1105 = CARTESIAN_POINT('',(-1.433213968187,10.729931182651,
    16.663895894951));
#1106 = CARTESIAN_POINT('',(-1.366939231485,10.738785048695,
    16.476616300423));
#1107 = CARTESIAN_POINT('',(-1.19677427029,10.758898150837,
    16.167087385086));
#1108 = CARTESIAN_POINT('',(-1.103936520473,10.769270813568,
    16.037484439949));
#1109 = CARTESIAN_POINT('',(-0.99158519323,10.780796851376,
    15.916229429189));
#1110 = CARTESIAN_POINT('',(-0.859848109263,10.792670577654,
    15.80715597249));
#1111 = CARTESIAN_POINT('',(-0.709531629781,10.803801844295,
    15.714346511156));
#1112 = CARTESIAN_POINT('',(-0.542203326646,10.812939324534,
    15.642182139174));
#1113 = CARTESIAN_POINT('',(-0.181180332738,10.82497233191,
    15.549487189249));
#1114 = CARTESIAN_POINT('',(7.792433620531E-03,10.827794905979,
    15.529471086764));
#1115 = CARTESIAN_POINT('',(0.199504584528,10.826580152378,
    15.538794739737));
#1116 = CARTESIAN_POINT('',(0.386304057894,10.821130333446,
    15.577558385052));
#1117 = CARTESIAN_POINT('',(0.56089831185,10.812429084014,
    15.642871896129));
#1118 = CARTESIAN_POINT('',(0.717380810333,10.802050889259,
    15.728909100107));
#1119 = CARTESIAN_POINT('',(1.026768980832,10.777615865848,
    15.953692763637));
#1120 = CARTESIAN_POINT('',(1.170472036447,10.762954228143,
    16.104358152254));
#1121 = CARTESIAN_POINT('',(1.283551166863,10.749487362978,
    16.270656291772));
#1122 = CARTESIAN_POINT('',(1.36717034936,10.738644380781,
    16.447093382122));
#1123 = CARTESIAN_POINT('',(1.422393033819,10.73117852361,
    16.629513261839));
#1124 = CARTESIAN_POINT('',(1.45,10.727447273233,16.814767639658));
#1125 = CARTESIAN_POINT('',(1.45,10.727447273233,17.));
#1126 = PCURVE('',#218,#1127);
#1127 = DEFINITIONAL_REPRESENTATION('',(#1128),#1173);
#1128 = B_SPLINE_CURVE_WITH_KNOTS('',7,(#1129,#1130,#1131,#1132,#1133,
    #1134,#1135,#1136,#1137,#1138,#1139,#1140,#1141,#1142,#1143,#1144,
    #1145,#1146,#1147,#1148,#1149,#1150,#1151,#1152,#1153,#1154,#1155,
    #1156,#1157,#1158,#1159,#1160,#1161,#1162,#1163,#1164,#1165,#1166,
    #1167,#1168,#1169,#1170,#1171,#1172),.UNSPECIFIED.,.T.,.F.,(8,6,6,6,
    6,6,6,8),(0.,0.15181995641,0.286133339353,0.422747190169,
    0.587428874744,0.713761103186,0.838574735695,1.),.UNSPECIFIED.);
#1129 = CARTESIAN_POINT('',(-1.43644330463,-18.));
#1130 = CARTESIAN_POINT('',(-1.43644330463,-18.17397812062));
#1131 = CARTESIAN_POINT('',(-1.438713474574,-18.34794083782));
#1132 = CARTESIAN_POINT('',(-1.443253587862,-18.51953432629));
#1133 = CARTESIAN_POINT('',(-1.450112734003,-18.68615079045));
#1134 = CARTESIAN_POINT('',(-1.459364116426,-18.84452813267));
#1135 = CARTESIAN_POINT('',(-1.471085666815,-18.99032900454));
#1136 = CARTESIAN_POINT('',(-1.497893756347,-19.22952462894));
#1137 = CARTESIAN_POINT('',(-1.512838725078,-19.3306140028));
#1138 = CARTESIAN_POINT('',(-1.529830869345,-19.40940669838));
#1139 = CARTESIAN_POINT('',(-1.548251765839,-19.45833817676));
#1140 = CARTESIAN_POINT('',(-1.567315584055,-19.47339856282));
#1141 = CARTESIAN_POINT('',(-1.586188988237,-19.45423932276));
#1142 = CARTESIAN_POINT('',(-1.622346629857,-19.35379899653));
#1143 = CARTESIAN_POINT('',(-1.639009149759,-19.27309669892));
#1144 = CARTESIAN_POINT('',(-1.653801691486,-19.1687326183));
#1145 = CARTESIAN_POINT('',(-1.666566284697,-19.04621296852));
#1146 = CARTESIAN_POINT('',(-1.677225709675,-18.91052073796));
#1147 = CARTESIAN_POINT('',(-1.685778522622,-18.76620217607));
#1148 = CARTESIAN_POINT('',(-1.700152277134,-18.43798168338));
#1149 = CARTESIAN_POINT('',(-1.705190725695,-18.24884893705));
#1150 = CARTESIAN_POINT('',(-1.707454826057,-18.05428680332));
#1151 = CARTESIAN_POINT('',(-1.706928608443,-17.85797673373));
#1152 = CARTESIAN_POINT('',(-1.703581683945,-17.66389589495));
#1153 = CARTESIAN_POINT('',(-1.697405625261,-17.47661630042));
#1154 = CARTESIAN_POINT('',(-1.681576572212,-17.16708738508));
#1155 = CARTESIAN_POINT('',(-1.672947144748,-17.03748443994));
#1156 = CARTESIAN_POINT('',(-1.662514526084,-16.91622942918));
#1157 = CARTESIAN_POINT('',(-1.65029732919,-16.80715597249));
#1158 = CARTESIAN_POINT('',(-1.636376990522,-16.71434651115));
#1159 = CARTESIAN_POINT('',(-1.620899873754,-16.64218213917));
#1160 = CARTESIAN_POINT('',(-1.587530500067,-16.54948718924));
#1161 = CARTESIAN_POINT('',(-1.570074411375,-16.52947108676));
#1162 = CARTESIAN_POINT('',(-1.552370515833,-16.53879473973));
#1163 = CARTESIAN_POINT('',(-1.535114399469,-16.57755838505));
#1164 = CARTESIAN_POINT('',(-1.518969063115,-16.64287189612));
#1165 = CARTESIAN_POINT('',(-1.504482818552,-16.7289091001));
#1166 = CARTESIAN_POINT('',(-1.475812925563,-16.95369276363));
#1167 = CARTESIAN_POINT('',(-1.462472393572,-17.10435815225));
#1168 = CARTESIAN_POINT('',(-1.451953825257,-17.27065629177));
#1169 = CARTESIAN_POINT('',(-1.444164586007,-17.44709338212));
#1170 = CARTESIAN_POINT('',(-1.439016794107,-17.62951326183));
#1171 = CARTESIAN_POINT('',(-1.43644330463,-17.81476763965));
#1172 = CARTESIAN_POINT('',(-1.43644330463,-18.));
#1173 = ( GEOMETRIC_REPRESENTATION_CONTEXT(2) 
PARAMETRIC_REPRESENTATION_CONTEXT() REPRESENTATION_CONTEXT('2D SPACE',''
  ) );
#1174 = PCURVE('',#452,#1175);
#1175 = DEFINITIONAL_REPRESENTATION('',(#1176),#1221);
#1176 = B_SPLINE_CURVE_WITH_KNOTS('',7,(#1177,#1178,#1179,#1180,#1181,
    #1182,#1183,#1184,#1185,#1186,#1187,#1188,#1189,#1190,#1191,#1192,
    #1193,#1194,#1195,#1196,#1197,#1198,#1199,#1200,#1201,#1202,#1203,
    #1204,#1205,#1206,#1207,#1208,#1209,#1210,#1211,#1212,#1213,#1214,
    #1215,#1216,#1217,#1218,#1219,#1220),.UNSPECIFIED.,.F.,.F.,(8,6,6,6,
    6,6,6,8),(0.,0.15181995641,0.286133339353,0.422747190169,
    0.587428874744,0.713761103186,0.838574735695,1.),.UNSPECIFIED.);
#1177 = CARTESIAN_POINT('',(0.,-4.922552726767));
#1178 = CARTESIAN_POINT('',(-0.119984910775,-4.922552726767));
#1179 = CARTESIAN_POINT('',(-0.239958610751,-4.919261113685));
#1180 = CARTESIAN_POINT('',(-0.361122976899,-4.912677260116));
#1181 = CARTESIAN_POINT('',(-0.484487438493,-4.903081568105));
#1182 = CARTESIAN_POINT('',(-0.611172693209,-4.8910569134));
#1183 = CARTESIAN_POINT('',(-0.74233118264,-4.877677042053));
#1184 = CARTESIAN_POINT('',(-1.001126744533,-4.852899268942));
#1185 = CARTESIAN_POINT('',(-1.131311841072,-4.841079793478));
#1186 = CARTESIAN_POINT('',(-1.266479613816,-4.83070320975));
#1187 = CARTESIAN_POINT('',(-1.404638993018,-4.82380109351));
#1188 = CARTESIAN_POINT('',(-1.544265549468,-4.821795068599));
#1189 = CARTESIAN_POINT('',(-1.684038068872,-4.824543918473));
#1190 = CARTESIAN_POINT('',(-1.962574487448,-4.837582376204));
#1191 = CARTESIAN_POINT('',(-2.096742456624,-4.847786849583));
#1192 = CARTESIAN_POINT('',(-2.225838562957,-4.860207875282));
#1193 = CARTESIAN_POINT('',(-2.35052331174,-4.873240763961));
#1194 = CARTESIAN_POINT('',(-2.471276059868,-4.885562417169));
#1195 = CARTESIAN_POINT('',(-2.588338057777,-4.896251079633));
#1196 = CARTESIAN_POINT('',(-2.838506263802,-4.915109434428));
#1197 = CARTESIAN_POINT('',(-2.972398836352,-4.922493600456));
#1198 = CARTESIAN_POINT('',(-3.105103303524,-4.926011669026));
#1199 = CARTESIAN_POINT('',(-3.237706644315,-4.925207945407));
#1200 = CARTESIAN_POINT('',(-3.371195805414,-4.920068817349));
#1201 = CARTESIAN_POINT('',(-3.506396881698,-4.911214951305));
#1202 = CARTESIAN_POINT('',(-3.74999677924,-4.891101849163));
#1203 = CARTESIAN_POINT('',(-3.859166682664,-4.880729186432));
#1204 = CARTESIAN_POINT('',(-3.971708379987,-4.869203148624));
#1205 = CARTESIAN_POINT('',(-4.087748569082,-4.857329422346));
#1206 = CARTESIAN_POINT('',(-4.20760509219,-4.846198155705));
#1207 = CARTESIAN_POINT('',(-4.331755746375,-4.837060675466));
#1208 = CARTESIAN_POINT('',(-4.588813049352,-4.82502766809));
#1209 = CARTESIAN_POINT('',(-4.718477018894,-4.822205094021));
#1210 = CARTESIAN_POINT('',(-4.848347786026,-4.823419847622));
#1211 = CARTESIAN_POINT('',(-4.97714797787,-4.828869666554));
#1212 = CARTESIAN_POINT('',(-5.103518202093,-4.837570915986));
#1213 = CARTESIAN_POINT('',(-5.225703912287,-4.847949110741));
#1214 = CARTESIAN_POINT('',(-5.489445160681,-4.872384134152));
#1215 = CARTESIAN_POINT('',(-5.630699580139,-4.887045771857));
#1216 = CARTESIAN_POINT('',(-5.766570404876,-4.900512637022));
#1217 = CARTESIAN_POINT('',(-5.898462813863,-4.911355619219));
#1218 = CARTESIAN_POINT('',(-6.027677887951,-4.91882147639));
#1219 = CARTESIAN_POINT('',(-6.155438851771,-4.922552726767));
#1220 = CARTESIAN_POINT('',(-6.28318530718,-4.922552726767));
#1221 = ( GEOMETRIC_REPRESENTATION_CONTEXT(2) 
PARAMETRIC_REPRESENTATION_CONTEXT() REPRESENTATION_CONTEXT('2D SPACE',''
  ) );
#1222 = FACE_BOUND('',#1223,.T.);
#1223 = EDGE_LOOP('',(#1224));
#1224 = ORIENTED_EDGE('',*,*,#1225,.T.);
#1225 = EDGE_CURVE('',#1226,#1226,#1228,.T.);
#1226 = VERTEX_POINT('',#1227);
#1227 = CARTESIAN_POINT('',(1.45,-10.72744727323,17.));
#1228 = SURFACE_CURVE('',#1229,(#1274,#1322),.PCURVE_S1.);
#1229 = B_SPLINE_CURVE_WITH_KNOTS('',7,(#1230,#1231,#1232,#1233,#1234,
    #1235,#1236,#1237,#1238,#1239,#1240,#1241,#1242,#1243,#1244,#1245,
    #1246,#1247,#1248,#1249,#1250,#1251,#1252,#1253,#1254,#1255,#1256,
    #1257,#1258,#1259,#1260,#1261,#1262,#1263,#1264,#1265,#1266,#1267,
    #1268,#1269,#1270,#1271,#1272,#1273),.UNSPECIFIED.,.T.,.F.,(8,6,6,6,
    6,6,6,8),(0.,0.151819956411,0.286133339354,0.42274719017,
    0.587428874743,0.713761103186,0.838574735695,1.),.UNSPECIFIED.);
#1230 = CARTESIAN_POINT('',(1.45,-10.72744727323,17.));
#1231 = CARTESIAN_POINT('',(1.45,-10.72744727323,17.173978120624));
#1232 = CARTESIAN_POINT('',(1.425646870454,-10.73073888631,
    17.34794083782));
#1233 = CARTESIAN_POINT('',(1.37694306155,-10.73732273988,
    17.519534326291));
#1234 = CARTESIAN_POINT('',(1.303314754025,-10.74691843189,
    17.68615079045));
#1235 = CARTESIAN_POINT('',(1.203883172585,-10.7589430866,
    17.844528132671));
#1236 = CARTESIAN_POINT('',(1.077678905006,-10.77232295794,
    17.99032900454));
#1237 = CARTESIAN_POINT('',(0.788541063971,-10.79710073105,
    18.229524628947));
#1238 = CARTESIAN_POINT('',(0.627181278547,-10.80892020652,
    18.330614002807));
#1239 = CARTESIAN_POINT('',(0.443494148287,-10.81929679025,
    18.409406698384));
#1240 = CARTESIAN_POINT('',(0.244107158152,-10.82619890649,
    18.458338176763));
#1241 = CARTESIAN_POINT('',(3.765945518346E-02,-10.8282049314,
    18.473398562824));
#1242 = CARTESIAN_POINT('',(-0.166666526698,-10.82545608152,
    18.454239322765));
#1243 = CARTESIAN_POINT('',(-0.55785576965,-10.81241762379,
    18.35379899653));
#1244 = CARTESIAN_POINT('',(-0.737987664,-10.80221315041,18.273096698921
    ));
#1245 = CARTESIAN_POINT('',(-0.897684220513,-10.78979212471,
    18.168732618306));
#1246 = CARTESIAN_POINT('',(-1.035265928526,-10.77675923603,
    18.046212968526));
#1247 = CARTESIAN_POINT('',(-1.150002193714,-10.76443758283,
    17.910520737964));
#1248 = CARTESIAN_POINT('',(-1.241968812948,-10.75374892036,
    17.766202176077));
#1249 = CARTESIAN_POINT('',(-1.39641765317,-10.73489056557,
    17.437981683386));
#1250 = CARTESIAN_POINT('',(-1.450462304071,-10.72750639954,
    17.24884893706));
#1251 = CARTESIAN_POINT('',(-1.474715063127,-10.72398833097,
    17.054286803327));
#1252 = CARTESIAN_POINT('',(-1.46907628899,-10.72479205459,
    16.857976733732));
#1253 = CARTESIAN_POINT('',(-1.433213968187,-10.72993118265,
    16.663895894949));
#1254 = CARTESIAN_POINT('',(-1.366939231484,-10.73878504869,
    16.476616300422));
#1255 = CARTESIAN_POINT('',(-1.19677427029,-10.75889815083,
    16.167087385086));
#1256 = CARTESIAN_POINT('',(-1.103936520473,-10.76927081356,
    16.037484439949));
#1257 = CARTESIAN_POINT('',(-0.99158519323,-10.78079685137,
    15.916229429188));
#1258 = CARTESIAN_POINT('',(-0.859848109264,-10.79267057765,
    15.807155972491));
#1259 = CARTESIAN_POINT('',(-0.70953162978,-10.80380184429,
    15.714346511156));
#1260 = CARTESIAN_POINT('',(-0.542203326646,-10.81293932453,
    15.642182139174));
#1261 = CARTESIAN_POINT('',(-0.181180332738,-10.82497233191,
    15.549487189249));
#1262 = CARTESIAN_POINT('',(7.792433620409E-03,-10.82779490597,
    15.529471086764));
#1263 = CARTESIAN_POINT('',(0.199504584529,-10.82658015237,
    15.538794739737));
#1264 = CARTESIAN_POINT('',(0.386304057893,-10.82113033344,
    15.577558385052));
#1265 = CARTESIAN_POINT('',(0.56089831185,-10.81242908401,
    15.642871896129));
#1266 = CARTESIAN_POINT('',(0.717380810333,-10.80205088925,
    15.728909100107));
#1267 = CARTESIAN_POINT('',(1.026768980832,-10.77761586584,
    15.953692763637));
#1268 = CARTESIAN_POINT('',(1.170472036447,-10.76295422814,
    16.104358152254));
#1269 = CARTESIAN_POINT('',(1.283551166862,-10.74948736297,
    16.270656291772));
#1270 = CARTESIAN_POINT('',(1.36717034936,-10.73864438078,
    16.447093382121));
#1271 = CARTESIAN_POINT('',(1.422393033819,-10.73117852361,
    16.629513261839));
#1272 = CARTESIAN_POINT('',(1.45,-10.72744727323,16.814767639658));
#1273 = CARTESIAN_POINT('',(1.45,-10.72744727323,17.));
#1274 = PCURVE('',#218,#1275);
#1275 = DEFINITIONAL_REPRESENTATION('',(#1276),#1321);
#1276 = B_SPLINE_CURVE_WITH_KNOTS('',7,(#1277,#1278,#1279,#1280,#1281,
    #1282,#1283,#1284,#1285,#1286,#1287,#1288,#1289,#1290,#1291,#1292,
    #1293,#1294,#1295,#1296,#1297,#1298,#1299,#1300,#1301,#1302,#1303,
    #1304,#1305,#1306,#1307,#1308,#1309,#1310,#1311,#1312,#1313,#1314,
    #1315,#1316,#1317,#1318,#1319,#1320),.UNSPECIFIED.,.T.,.F.,(8,6,6,6,
    6,6,6,8),(0.,0.151819956411,0.286133339354,0.42274719017,
    0.587428874743,0.713761103186,0.838574735695,1.),.UNSPECIFIED.);
#1277 = CARTESIAN_POINT('',(-4.84674200255,-18.));
#1278 = CARTESIAN_POINT('',(-4.84674200255,-18.17397812062));
#1279 = CARTESIAN_POINT('',(-4.844471832606,-18.34794083782));
#1280 = CARTESIAN_POINT('',(-4.839931719318,-18.51953432629));
#1281 = CARTESIAN_POINT('',(-4.833072573176,-18.68615079045));
#1282 = CARTESIAN_POINT('',(-4.823821190753,-18.84452813267));
#1283 = CARTESIAN_POINT('',(-4.812099640364,-18.99032900454));
#1284 = CARTESIAN_POINT('',(-4.785291550832,-19.22952462894));
#1285 = CARTESIAN_POINT('',(-4.770346582102,-19.3306140028));
#1286 = CARTESIAN_POINT('',(-4.753354437834,-19.40940669838));
#1287 = CARTESIAN_POINT('',(-4.73493354134,-19.45833817676));
#1288 = CARTESIAN_POINT('',(-4.715869723125,-19.47339856282));
#1289 = CARTESIAN_POINT('',(-4.696996318943,-19.45423932276));
#1290 = CARTESIAN_POINT('',(-4.660838677323,-19.35379899653));
#1291 = CARTESIAN_POINT('',(-4.644176157421,-19.27309669892));
#1292 = CARTESIAN_POINT('',(-4.629383615694,-19.1687326183));
#1293 = CARTESIAN_POINT('',(-4.616619022482,-19.04621296852));
#1294 = CARTESIAN_POINT('',(-4.605959597505,-18.91052073796));
#1295 = CARTESIAN_POINT('',(-4.597406784558,-18.76620217607));
#1296 = CARTESIAN_POINT('',(-4.583033030046,-18.43798168338));
#1297 = CARTESIAN_POINT('',(-4.577994581485,-18.24884893706));
#1298 = CARTESIAN_POINT('',(-4.575730481123,-18.05428680332));
#1299 = CARTESIAN_POINT('',(-4.576256698736,-17.85797673373));
#1300 = CARTESIAN_POINT('',(-4.579603623234,-17.66389589494));
#1301 = CARTESIAN_POINT('',(-4.585779681918,-17.47661630042));
#1302 = CARTESIAN_POINT('',(-4.601608734968,-17.16708738508));
#1303 = CARTESIAN_POINT('',(-4.610238162432,-17.03748443994));
#1304 = CARTESIAN_POINT('',(-4.620670781096,-16.91622942918));
#1305 = CARTESIAN_POINT('',(-4.632887977989,-16.80715597249));
#1306 = CARTESIAN_POINT('',(-4.646808316658,-16.71434651115));
#1307 = CARTESIAN_POINT('',(-4.662285433425,-16.64218213917));
#1308 = CARTESIAN_POINT('',(-4.695654807113,-16.54948718924));
#1309 = CARTESIAN_POINT('',(-4.713110895804,-16.52947108676));
#1310 = CARTESIAN_POINT('',(-4.730814791347,-16.53879473973));
#1311 = CARTESIAN_POINT('',(-4.748070907711,-16.57755838505));
#1312 = CARTESIAN_POINT('',(-4.764216244064,-16.64287189612));
#1313 = CARTESIAN_POINT('',(-4.778702488627,-16.7289091001));
#1314 = CARTESIAN_POINT('',(-4.807372381616,-16.95369276363));
#1315 = CARTESIAN_POINT('',(-4.820712913608,-17.10435815225));
#1316 = CARTESIAN_POINT('',(-4.831231481923,-17.27065629177));
#1317 = CARTESIAN_POINT('',(-4.839020721173,-17.44709338212));
#1318 = CARTESIAN_POINT('',(-4.844168513073,-17.62951326183));
#1319 = CARTESIAN_POINT('',(-4.84674200255,-17.81476763965));
#1320 = CARTESIAN_POINT('',(-4.84674200255,-18.));
#1321 = ( GEOMETRIC_REPRESENTATION_CONTEXT(2) 
PARAMETRIC_REPRESENTATION_CONTEXT() REPRESENTATION_CONTEXT('2D SPACE',''
  ) );
#1322 = PCURVE('',#794,#1323);
#1323 = DEFINITIONAL_REPRESENTATION('',(#1324),#1369);
#1324 = B_SPLINE_CURVE_WITH_KNOTS('',7,(#1325,#1326,#1327,#1328,#1329,
    #1330,#1331,#1332,#1333,#1334,#1335,#1336,#1337,#1338,#1339,#1340,
    #1341,#1342,#1343,#1344,#1345,#1346,#1347,#1348,#1349,#1350,#1351,
    #1352,#1353,#1354,#1355,#1356,#1357,#1358,#1359,#1360,#1361,#1362,
    #1363,#1364,#1365,#1366,#1367,#1368),.UNSPECIFIED.,.F.,.F.,(8,6,6,6,
    6,6,6,8),(0.,0.151819956411,0.286133339354,0.42274719017,
    0.587428874743,0.713761103186,0.838574735695,1.),.UNSPECIFIED.);
#1325 = CARTESIAN_POINT('',(0.,-26.37744727323));
#1326 = CARTESIAN_POINT('',(-0.119984910775,-26.37744727323));
#1327 = CARTESIAN_POINT('',(-0.239958610751,-26.38073888631));
#1328 = CARTESIAN_POINT('',(-0.361122976899,-26.38732273988));
#1329 = CARTESIAN_POINT('',(-0.484487438493,-26.39691843189));
#1330 = CARTESIAN_POINT('',(-0.61117269321,-26.4089430866));
#1331 = CARTESIAN_POINT('',(-0.74233118264,-26.42232295794));
#1332 = CARTESIAN_POINT('',(-1.001126744533,-26.44710073105));
#1333 = CARTESIAN_POINT('',(-1.131311841072,-26.45892020652));
#1334 = CARTESIAN_POINT('',(-1.266479613815,-26.46929679025));
#1335 = CARTESIAN_POINT('',(-1.404638993018,-26.47619890649));
#1336 = CARTESIAN_POINT('',(-1.544265549468,-26.4782049314));
#1337 = CARTESIAN_POINT('',(-1.684038068872,-26.47545608152));
#1338 = CARTESIAN_POINT('',(-1.962574487448,-26.46241762379));
#1339 = CARTESIAN_POINT('',(-2.096742456624,-26.45221315041));
#1340 = CARTESIAN_POINT('',(-2.225838562957,-26.43979212471));
#1341 = CARTESIAN_POINT('',(-2.35052331174,-26.42675923603));
#1342 = CARTESIAN_POINT('',(-2.471276059868,-26.41443758283));
#1343 = CARTESIAN_POINT('',(-2.588338057777,-26.40374892036));
#1344 = CARTESIAN_POINT('',(-2.8385062638,-26.38489056557));
#1345 = CARTESIAN_POINT('',(-2.972398836351,-26.37750639954));
#1346 = CARTESIAN_POINT('',(-3.105103303524,-26.37398833097));
#1347 = CARTESIAN_POINT('',(-3.237706644315,-26.37479205459));
#1348 = CARTESIAN_POINT('',(-3.371195805416,-26.37993118265));
#1349 = CARTESIAN_POINT('',(-3.506396881699,-26.38878504869));
#1350 = CARTESIAN_POINT('',(-3.74999677924,-26.40889815083));
#1351 = CARTESIAN_POINT('',(-3.859166682664,-26.41927081356));
#1352 = CARTESIAN_POINT('',(-3.971708379987,-26.43079685137));
#1353 = CARTESIAN_POINT('',(-4.087748569082,-26.44267057765));
#1354 = CARTESIAN_POINT('',(-4.20760509219,-26.45380184429));
#1355 = CARTESIAN_POINT('',(-4.331755746375,-26.46293932453));
#1356 = CARTESIAN_POINT('',(-4.588813049352,-26.47497233191));
#1357 = CARTESIAN_POINT('',(-4.718477018894,-26.47779490597));
#1358 = CARTESIAN_POINT('',(-4.848347786026,-26.47658015237));
#1359 = CARTESIAN_POINT('',(-4.97714797787,-26.47113033344));
#1360 = CARTESIAN_POINT('',(-5.103518202094,-26.46242908401));
#1361 = CARTESIAN_POINT('',(-5.225703912287,-26.45205088925));
#1362 = CARTESIAN_POINT('',(-5.489445160681,-26.42761586584));
#1363 = CARTESIAN_POINT('',(-5.63069958014,-26.41295422814));
#1364 = CARTESIAN_POINT('',(-5.766570404876,-26.39948736297));
#1365 = CARTESIAN_POINT('',(-5.898462813863,-26.38864438078));
#1366 = CARTESIAN_POINT('',(-6.027677887951,-26.38117852361));
#1367 = CARTESIAN_POINT('',(-6.155438851771,-26.37744727323));
#1368 = CARTESIAN_POINT('',(-6.28318530718,-26.37744727323));
#1369 = ( GEOMETRIC_REPRESENTATION_CONTEXT(2) 
PARAMETRIC_REPRESENTATION_CONTEXT() REPRESENTATION_CONTEXT('2D SPACE',''
  ) );
#1370 = FACE_BOUND('',#1371,.T.);
#1371 = EDGE_LOOP('',(#1372));
#1372 = ORIENTED_EDGE('',*,*,#1373,.F.);
#1373 = EDGE_CURVE('',#1374,#1374,#1376,.T.);
#1374 = VERTEX_POINT('',#1375);
#1375 = CARTESIAN_POINT('',(-10.53236084645,2.5,17.));
#1376 = SURFACE_CURVE('',#1377,(#1443,#1512),.PCURVE_S1.);
#1377 = B_SPLINE_CURVE_WITH_KNOTS('',8,(#1378,#1379,#1380,#1381,#1382,
    #1383,#1384,#1385,#1386,#1387,#1388,#1389,#1390,#1391,#1392,#1393,
    #1394,#1395,#1396,#1397,#1398,#1399,#1400,#1401,#1402,#1403,#1404,
    #1405,#1406,#1407,#1408,#1409,#1410,#1411,#1412,#1413,#1414,#1415,
    #1416,#1417,#1418,#1419,#1420,#1421,#1422,#1423,#1424,#1425,#1426,
    #1427,#1428,#1429,#1430,#1431,#1432,#1433,#1434,#1435,#1436,#1437,
    #1438,#1439,#1440,#1441,#1442),.UNSPECIFIED.,.T.,.F.,(9,7,7,7,7,7,7,
    7,7,9),(0.,0.130983781397,0.218612934385,0.326109576623,
    0.424537557865,0.572179388195,0.702501200894,0.796122886595,
    0.893606582119,1.),.UNSPECIFIED.);
#1378 = CARTESIAN_POINT('',(-10.53236084645,2.5,17.));
#1379 = CARTESIAN_POINT('',(-10.53236084645,2.5,17.227069737079));
#1380 = CARTESIAN_POINT('',(-10.53795546428,2.476430047932,
    17.45387313135));
#1381 = CARTESIAN_POINT('',(-10.54912284055,2.42938307077,
    17.678961502816));
#1382 = CARTESIAN_POINT('',(-10.56562063396,2.358563400427,
    17.900781721925));
#1383 = CARTESIAN_POINT('',(-10.58697571205,2.263363650781,
    18.117530656018));
#1384 = CARTESIAN_POINT('',(-10.61241917436,2.142935998474,
    18.326976629832));
#1385 = CARTESIAN_POINT('',(-10.64079770346,1.996286561358,
    18.526220352666));
#1386 = CARTESIAN_POINT('',(-10.69035811101,1.706104556698,
    18.835232801638));
#1387 = CARTESIAN_POINT('',(-10.71094292567,1.576845750284,
    18.953597831426));
#1388 = CARTESIAN_POINT('',(-10.73167845534,1.434637890109,
    19.064547220838));
#1389 = CARTESIAN_POINT('',(-10.75187532894,1.279700420806,
    19.166154608198));
#1390 = CARTESIAN_POINT('',(-10.77075131741,1.112482668204,
    19.256476842956));
#1391 = CARTESIAN_POINT('',(-10.78747465591,0.93367423784,
    19.333543278113));
#1392 = CARTESIAN_POINT('',(-10.80122240311,0.744222634599,
    19.395340415635));
#1393 = CARTESIAN_POINT('',(-10.82355962247,0.301406534575,
    19.494321541044));
#1394 = CARTESIAN_POINT('',(-10.83004651225,4.777805587356E-02,
    19.521744212927));
#1395 = CARTESIAN_POINT('',(-10.8295668976,-0.2095706444,19.519282524553
    ));
#1396 = CARTESIAN_POINT('',(-10.82175412157,-0.464234513704,
    19.486362058759));
#1397 = CARTESIAN_POINT('',(-10.80726778868,-0.70985802772,
    19.424489452785));
#1398 = CARTESIAN_POINT('',(-10.78773440393,-0.940603640229,
    19.337194568257));
#1399 = CARTESIAN_POINT('',(-10.76522881676,-1.151664065207,
    19.230066634274));
#1400 = CARTESIAN_POINT('',(-10.72034038383,-1.511617992211,
    19.00163292597));
#1401 = CARTESIAN_POINT('',(-10.69763222929,-1.668063733047,
    18.879867697151));
#1402 = CARTESIAN_POINT('',(-10.6746461321,-1.809029225998,
    18.747929104646));
#1403 = CARTESIAN_POINT('',(-10.65220429822,-1.934826080873,
    18.607772900352));
#1404 = CARTESIAN_POINT('',(-10.63096652997,-2.045855683678,
    18.46099665443));
#1405 = CARTESIAN_POINT('',(-10.611447561,-2.142540680064,
    18.308908065883));
#1406 = CARTESIAN_POINT('',(-10.59404431792,-2.225275487544,
    18.152576001734));
#1407 = CARTESIAN_POINT('',(-10.55657229725,-2.398053079831,
    17.753310543514));
#1408 = CARTESIAN_POINT('',(-10.53951512863,-2.47109667199,
    17.506088819882));
#1409 = CARTESIAN_POINT('',(-10.5289049242,-2.514553900584,
    17.254201562639));
#1410 = CARTESIAN_POINT('',(-10.52530348437,-2.528994402083,
    17.000048981551));
#1411 = CARTESIAN_POINT('',(-10.52889773473,-2.514580639571,
    16.745847782287));
#1412 = CARTESIAN_POINT('',(-10.53951465343,-2.471104001638,
    16.493855774576));
#1413 = CARTESIAN_POINT('',(-10.55658269097,-2.398005156058,
    16.24657871118));
#1414 = CARTESIAN_POINT('',(-10.59889200223,-2.202923577814,
    15.795771782476));
#1415 = CARTESIAN_POINT('',(-10.62301205546,-2.08734467094,
    15.589735443557));
#1416 = CARTESIAN_POINT('',(-10.65073793274,-1.946794386832,
    15.391393764058));
#1417 = CARTESIAN_POINT('',(-10.68103871382,-1.780353573334,
    15.203705595881));
#1418 = CARTESIAN_POINT('',(-10.71246725552,-1.587246399893,
    15.030370704364));
#1419 = CARTESIAN_POINT('',(-10.74307028029,-1.367004654671,
    14.875946583888));
#1420 = CARTESIAN_POINT('',(-10.77040861762,-1.119761242025,
    14.746054042467));
#1421 = CARTESIAN_POINT('',(-10.80720964915,-0.650784779876,
    14.577212126812));
#1422 = CARTESIAN_POINT('',(-10.81952734412,-0.441613347413,
    14.523002574543));
#1423 = CARTESIAN_POINT('',(-10.82754049179,-0.22320637904,
    14.488973503807));
#1424 = CARTESIAN_POINT('',(-10.83032558315,-2.338205251617E-05,
    14.47737709898));
#1425 = CARTESIAN_POINT('',(-10.82754273106,0.223174412207,
    14.488964469129));
#1426 = CARTESIAN_POINT('',(-10.81952829723,0.441615526196,
    14.522997590458));
#1427 = CARTESIAN_POINT('',(-10.80720754608,0.650811580483,
    14.577221775625));
#1428 = CARTESIAN_POINT('',(-10.77580715337,1.050964632473,
    14.72128573897));
#1429 = CARTESIAN_POINT('',(-10.75645133045,1.24105133994,
    14.812588489075));
#1430 = CARTESIAN_POINT('',(-10.73485571641,1.416386195153,
    14.918803939835));
#1431 = CARTESIAN_POINT('',(-10.71207763861,1.576628724225,
    15.037406184492));
#1432 = CARTESIAN_POINT('',(-10.68905633554,1.72170240541,
    15.166170394093));
#1433 = CARTESIAN_POINT('',(-10.66658293798,1.851719220195,
    15.303123428023));
#1434 = CARTESIAN_POINT('',(-10.64529678222,1.966931740565,
    15.446513451809));
#1435 = CARTESIAN_POINT('',(-10.60428607824,2.177681183841,
    15.756621840425));
#1436 = CARTESIAN_POINT('',(-10.58479735704,2.270892382913,
    15.924914643634));
#1437 = CARTESIAN_POINT('',(-10.56783566531,2.347827770553,
    16.098123794404));
#1438 = CARTESIAN_POINT('',(-10.55385134975,2.408916944883,
    16.274998537019));
#1439 = CARTESIAN_POINT('',(-10.54315979272,2.454503838881,
    16.45449668839));
#1440 = CARTESIAN_POINT('',(-10.53596257777,2.484826617858,
    16.635711557723));
#1441 = CARTESIAN_POINT('',(-10.53236084645,2.5,16.817812628104));
#1442 = CARTESIAN_POINT('',(-10.53236084645,2.5,17.));
#1443 = PCURVE('',#218,#1444);
#1444 = DEFINITIONAL_REPRESENTATION('',(#1445),#1511);
#1445 = B_SPLINE_CURVE_WITH_KNOTS('',8,(#1446,#1447,#1448,#1449,#1450,
    #1451,#1452,#1453,#1454,#1455,#1456,#1457,#1458,#1459,#1460,#1461,
    #1462,#1463,#1464,#1465,#1466,#1467,#1468,#1469,#1470,#1471,#1472,
    #1473,#1474,#1475,#1476,#1477,#1478,#1479,#1480,#1481,#1482,#1483,
    #1484,#1485,#1486,#1487,#1488,#1489,#1490,#1491,#1492,#1493,#1494,
    #1495,#1496,#1497,#1498,#1499,#1500,#1501,#1502,#1503,#1504,#1505,
    #1506,#1507,#1508,#1509,#1510),.UNSPECIFIED.,.T.,.F.,(9,7,7,7,7,7,7,
    7,7,9),(0.,0.130983781397,0.218612934385,0.326109576623,
    0.424537557865,0.572179388195,0.702501200894,0.796122886595,
    0.893606582119,1.),.UNSPECIFIED.);
#1446 = CARTESIAN_POINT('',(-2.908541891836,-18.));
#1447 = CARTESIAN_POINT('',(-2.908541891836,-18.22706973707));
#1448 = CARTESIAN_POINT('',(-2.910779749654,-18.45387313135));
#1449 = CARTESIAN_POINT('',(-2.915246658143,-18.67896150281));
#1450 = CARTESIAN_POINT('',(-2.921963986568,-18.90078172192));
#1451 = CARTESIAN_POINT('',(-2.930976303235,-19.11753065601));
#1452 = CARTESIAN_POINT('',(-2.942344761255,-19.32697662983));
#1453 = CARTESIAN_POINT('',(-2.956140040638,-19.52622035266));
#1454 = CARTESIAN_POINT('',(-2.983334850227,-19.83523280163));
#1455 = CARTESIAN_POINT('',(-2.995425303673,-19.95359783142));
#1456 = CARTESIAN_POINT('',(-3.008699291274,-20.06454722083));
#1457 = CARTESIAN_POINT('',(-3.023129738087,-20.16615460819));
#1458 = CARTESIAN_POINT('',(-3.038670068135,-20.25647684295));
#1459 = CARTESIAN_POINT('',(-3.05525456115,-20.33354327811));
#1460 = CARTESIAN_POINT('',(-3.072797601082,-20.39534041563));
#1461 = CARTESIAN_POINT('',(-3.113756411844,-20.49432154104));
#1462 = CARTESIAN_POINT('',(-3.137186725942,-20.52174421292));
#1463 = CARTESIAN_POINT('',(-3.160945401857,-20.51928252455));
#1464 = CARTESIAN_POINT('',(-3.184462736279,-20.48636205876));
#1465 = CARTESIAN_POINT('',(-3.207176973779,-20.42448945278));
#1466 = CARTESIAN_POINT('',(-3.228560614574,-20.33719456825));
#1467 = CARTESIAN_POINT('',(-3.248165520308,-20.23006663427));
#1468 = CARTESIAN_POINT('',(-3.281675179288,-20.00163292597));
#1469 = CARTESIAN_POINT('',(-3.296275947635,-19.87986769715));
#1470 = CARTESIAN_POINT('',(-3.309467109571,-19.74792910464));
#1471 = CARTESIAN_POINT('',(-3.321269409764,-19.60777290035));
#1472 = CARTESIAN_POINT('',(-3.331710967824,-19.46099665443));
#1473 = CARTESIAN_POINT('',(-3.34082227814,-19.30890806588));
#1474 = CARTESIAN_POINT('',(-3.348632324177,-19.15257600173));
#1475 = CARTESIAN_POINT('',(-3.364964367455,-18.75331054351));
#1476 = CARTESIAN_POINT('',(-3.371892721937,-18.50608881988));
#1477 = CARTESIAN_POINT('',(-3.376025182483,-18.25420156263));
#1478 = CARTESIAN_POINT('',(-3.377400224495,-18.00004898155));
#1479 = CARTESIAN_POINT('',(-3.376027738289,-17.74584778228));
#1480 = CARTESIAN_POINT('',(-3.371893392239,-17.49385577457));
#1481 = CARTESIAN_POINT('',(-3.364959837393,-17.24657871118));
#1482 = CARTESIAN_POINT('',(-3.346519478684,-16.79577178247));
#1483 = CARTESIAN_POINT('',(-3.335612731596,-16.58973544355));
#1484 = CARTESIAN_POINT('',(-3.322380113189,-16.39139376405));
#1485 = CARTESIAN_POINT('',(-3.306755283784,-16.20370559588));
#1486 = CARTESIAN_POINT('',(-3.288689129419,-16.03037070436));
#1487 = CARTESIAN_POINT('',(-3.268159905203,-15.87594658388));
#1488 = CARTESIAN_POINT('',(-3.245192320113,-15.74605404246));
#1489 = CARTESIAN_POINT('',(-3.201735677872,-15.57721212681));
#1490 = CARTESIAN_POINT('',(-3.182382883928,-15.52300257454));
#1491 = CARTESIAN_POINT('',(-3.162201498392,-15.4889735038));
#1492 = CARTESIAN_POINT('',(-3.141594810324,-15.47737709898));
#1493 = CARTESIAN_POINT('',(-3.120986762966,-15.48896446912));
#1494 = CARTESIAN_POINT('',(-3.100802230226,-15.52299759045));
#1495 = CARTESIAN_POINT('',(-3.08144714589,-15.57722177562));
#1496 = CARTESIAN_POINT('',(-3.044367869155,-15.72128573897));
#1497 = CARTESIAN_POINT('',(-3.026721833948,-15.81258848907));
#1498 = CARTESIAN_POINT('',(-3.010407866112,-15.91880393983));
#1499 = CARTESIAN_POINT('',(-2.995460515256,-16.03740618449));
#1500 = CARTESIAN_POINT('',(-2.98189386193,-16.16617039409));
#1501 = CARTESIAN_POINT('',(-2.969706376857,-16.30312342802));
#1502 = CARTESIAN_POINT('',(-2.958883546462,-16.4465134518));
#1503 = CARTESIAN_POINT('',(-2.939049588197,-16.75662184042));
#1504 = CARTESIAN_POINT('',(-2.930253503315,-16.92491464363));
#1505 = CARTESIAN_POINT('',(-2.922976199984,-17.0981237944));
#1506 = CARTESIAN_POINT('',(-2.917187054441,-17.27499853701));
#1507 = CARTESIAN_POINT('',(-2.912861534645,-17.45449668839));
#1508 = CARTESIAN_POINT('',(-2.909982543943,-17.63571155772));
#1509 = CARTESIAN_POINT('',(-2.908541891836,-17.8178126281));
#1510 = CARTESIAN_POINT('',(-2.908541891836,-18.));
#1511 = ( GEOMETRIC_REPRESENTATION_CONTEXT(2) 
PARAMETRIC_REPRESENTATION_CONTEXT() REPRESENTATION_CONTEXT('2D SPACE',''
  ) );
#1512 = PCURVE('',#629,#1513);
#1513 = DEFINITIONAL_REPRESENTATION('',(#1514),#1580);
#1514 = B_SPLINE_CURVE_WITH_KNOTS('',8,(#1515,#1516,#1517,#1518,#1519,
    #1520,#1521,#1522,#1523,#1524,#1525,#1526,#1527,#1528,#1529,#1530,
    #1531,#1532,#1533,#1534,#1535,#1536,#1537,#1538,#1539,#1540,#1541,
    #1542,#1543,#1544,#1545,#1546,#1547,#1548,#1549,#1550,#1551,#1552,
    #1553,#1554,#1555,#1556,#1557,#1558,#1559,#1560,#1561,#1562,#1563,
    #1564,#1565,#1566,#1567,#1568,#1569,#1570,#1571,#1572,#1573,#1574,
    #1575,#1576,#1577,#1578,#1579),.UNSPECIFIED.,.F.,.F.,(9,7,7,7,7,7,7,
    7,7,9),(0.,0.130983781397,0.218612934385,0.326109576623,
    0.424537557865,0.572179388195,0.702501200894,0.796122886595,
    0.893606582119,1.),.UNSPECIFIED.);
#1515 = CARTESIAN_POINT('',(0.,-5.117639153542));
#1516 = CARTESIAN_POINT('',(-9.082789483166E-02,-5.117639153542));
#1517 = CARTESIAN_POINT('',(-0.181549064626,-5.112044535713));
#1518 = CARTESIAN_POINT('',(-0.272726861836,-5.100877159449));
#1519 = CARTESIAN_POINT('',(-0.364868429264,-5.084379366036));
#1520 = CARTESIAN_POINT('',(-0.458491259276,-5.063024287946));
#1521 = CARTESIAN_POINT('',(-0.554135584169,-5.03758082564));
#1522 = CARTESIAN_POINT('',(-0.652388063839,-5.009202296533));
#1523 = CARTESIAN_POINT('',(-0.821949516745,-4.959641888986));
#1524 = CARTESIAN_POINT('',(-0.891857053347,-4.939057074321));
#1525 = CARTESIAN_POINT('',(-0.963625490537,-4.918321544655));
#1526 = CARTESIAN_POINT('',(-1.037227942195,-4.898124671051));
#1527 = CARTESIAN_POINT('',(-1.112678050033,-4.879248682582));
#1528 = CARTESIAN_POINT('',(-1.190027933609,-4.862525344085));
#1529 = CARTESIAN_POINT('',(-1.269376032562,-4.848777596885));
#1530 = CARTESIAN_POINT('',(-1.450873519763,-4.826440377527));
#1531 = CARTESIAN_POINT('',(-1.552274549847,-4.819953487747));
#1532 = CARTESIAN_POINT('',(-1.654042879855,-4.820433102397));
#1533 = CARTESIAN_POINT('',(-1.755334749935,-4.828245878421));
#1534 = CARTESIAN_POINT('',(-1.855307137111,-4.842732211317));
#1535 = CARTESIAN_POINT('',(-1.953021502338,-4.862265596062));
#1536 = CARTESIAN_POINT('',(-2.047264073969,-4.884771183235));
#1537 = CARTESIAN_POINT('',(-2.217792095668,-4.929659616165));
#1538 = CARTESIAN_POINT('',(-2.296726771747,-4.952367770706));
#1539 = CARTESIAN_POINT('',(-2.373438677104,-4.975353867898));
#1540 = CARTESIAN_POINT('',(-2.4482210785,-4.997795701778));
#1541 = CARTESIAN_POINT('',(-2.521339882945,-5.019033470026));
#1542 = CARTESIAN_POINT('',(-2.593045289595,-5.038552438991));
#1543 = CARTESIAN_POINT('',(-2.663578212189,-5.055955682079));
#1544 = CARTESIAN_POINT('',(-2.837596603183,-5.093427702742));
#1545 = CARTESIAN_POINT('',(-2.939955905318,-5.110484871367));
#1546 = CARTESIAN_POINT('',(-3.041061688283,-5.121095075797));
#1547 = CARTESIAN_POINT('',(-3.141574216048,-5.124696515621));
#1548 = CARTESIAN_POINT('',(-3.242103317779,-5.121102265263));
#1549 = CARTESIAN_POINT('',(-3.343248684319,-5.110485346565));
#1550 = CARTESIAN_POINT('',(-3.445636971934,-5.09341730903));
#1551 = CARTESIAN_POINT('',(-3.642119524498,-5.051107997768));
#1552 = CARTESIAN_POINT('',(-3.736116166888,-5.026987944537));
#1553 = CARTESIAN_POINT('',(-3.832448408397,-4.99926206726));
#1554 = CARTESIAN_POINT('',(-3.93156460163,-4.968961286173));
#1555 = CARTESIAN_POINT('',(-4.033947295811,-4.937532744471));
#1556 = CARTESIAN_POINT('',(-4.140136790633,-4.906929719706));
#1557 = CARTESIAN_POINT('',(-4.250787847513,-4.879591382379));
#1558 = CARTESIAN_POINT('',(-4.450165484988,-4.842790350846));
#1559 = CARTESIAN_POINT('',(-4.536232769394,-4.830472655877));
#1560 = CARTESIAN_POINT('',(-4.623923816789,-4.822459508203));
#1561 = CARTESIAN_POINT('',(-4.712379919303,-4.81967441685));
#1562 = CARTESIAN_POINT('',(-4.800841260853,-4.822457268934));
#1563 = CARTESIAN_POINT('',(-4.888545333208,-4.830471702762));
#1564 = CARTESIAN_POINT('',(-4.974623869619,-4.842792453915));
#1565 = CARTESIAN_POINT('',(-5.144742365052,-4.874192846628));
#1566 = CARTESIAN_POINT('',(-5.228653084757,-4.893548669548));
#1567 = CARTESIAN_POINT('',(-5.310027905589,-4.915144283589));
#1568 = CARTESIAN_POINT('',(-5.38911724,-4.937922361388));
#1569 = CARTESIAN_POINT('',(-5.466126728847,-4.960943664453));
#1570 = CARTESIAN_POINT('',(-5.54122955405,-4.983417062015));
#1571 = CARTESIAN_POINT('',(-5.614571139132,-5.004703217775));
#1572 = CARTESIAN_POINT('',(-5.764548492372,-5.045713921755));
#1573 = CARTESIAN_POINT('',(-5.841182595135,-5.065202642951));
#1574 = CARTESIAN_POINT('',(-5.916512773607,-5.082164334689));
#1575 = CARTESIAN_POINT('',(-5.990828116899,-5.096148650248));
#1576 = CARTESIAN_POINT('',(-6.064394818413,-5.106840207273));
#1577 = CARTESIAN_POINT('',(-6.137469539378,-5.114037422224));
#1578 = CARTESIAN_POINT('',(-6.210310358421,-5.117639153542));
#1579 = CARTESIAN_POINT('',(-6.28318530718,-5.117639153542));
#1580 = ( GEOMETRIC_REPRESENTATION_CONTEXT(2) 
PARAMETRIC_REPRESENTATION_CONTEXT() REPRESENTATION_CONTEXT('2D SPACE',''
  ) );
#1581 = ADVANCED_FACE('',(#1582,#1590,#1593),#271,.T.);
#1582 = FACE_BOUND('',#1583,.T.);
#1583 = EDGE_LOOP('',(#1584,#1585,#1586,#1587,#1588,#1589));
#1584 = ORIENTED_EDGE('',*,*,#255,.T.);
#1585 = ORIENTED_EDGE('',*,*,#851,.T.);
#1586 = ORIENTED_EDGE('',*,*,#949,.T.);
#1587 = ORIENTED_EDGE('',*,*,#998,.T.);
#1588 = ORIENTED_EDGE('',*,*,#923,.T.);
#1589 = ORIENTED_EDGE('',*,*,#329,.T.);
#1590 = FACE_BOUND('',#1591,.T.);
#1591 = EDGE_LOOP('',(#1592));
#1592 = ORIENTED_EDGE('',*,*,#1048,.T.);
#1593 = FACE_BOUND('',#1594,.T.);
#1594 = EDGE_LOOP('',(#1595,#1623,#1649,#1675));
#1595 = ORIENTED_EDGE('',*,*,#1596,.T.);
#1596 = EDGE_CURVE('',#1597,#1599,#1601,.T.);
#1597 = VERTEX_POINT('',#1598);
#1598 = CARTESIAN_POINT('',(18.725,12.175,34.));
#1599 = VERTEX_POINT('',#1600);
#1600 = CARTESIAN_POINT('',(18.725,-12.175,34.));
#1601 = SURFACE_CURVE('',#1602,(#1606,#1612),.PCURVE_S1.);
#1602 = LINE('',#1603,#1604);
#1603 = CARTESIAN_POINT('',(18.725,-6.0875,34.));
#1604 = VECTOR('',#1605,1.);
#1605 = DIRECTION('',(0.,-1.,0.));
#1606 = PCURVE('',#271,#1607);
#1607 = DEFINITIONAL_REPRESENTATION('',(#1608),#1611);
#1608 = B_SPLINE_CURVE_WITH_KNOTS('',1,(#1609,#1610),.UNSPECIFIED.,.F.,
  .F.,(2,2),(-18.2625,6.0875),.PIECEWISE_BEZIER_KNOTS.);
#1609 = CARTESIAN_POINT('',(1.075,12.175));
#1610 = CARTESIAN_POINT('',(1.075,-12.175));
#1611 = ( GEOMETRIC_REPRESENTATION_CONTEXT(2) 
PARAMETRIC_REPRESENTATION_CONTEXT() REPRESENTATION_CONTEXT('2D SPACE',''
  ) );
#1612 = PCURVE('',#1613,#1618);
#1613 = PLANE('',#1614);
#1614 = AXIS2_PLACEMENT_3D('',#1615,#1616,#1617);
#1615 = CARTESIAN_POINT('',(18.725,-12.175,4.));
#1616 = DIRECTION('',(-1.,0.,0.));
#1617 = DIRECTION('',(0.,1.,0.));
#1618 = DEFINITIONAL_REPRESENTATION('',(#1619),#1622);
#1619 = B_SPLINE_CURVE_WITH_KNOTS('',1,(#1620,#1621),.UNSPECIFIED.,.F.,
  .F.,(2,2),(-18.2625,6.0875),.PIECEWISE_BEZIER_KNOTS.);
#1620 = CARTESIAN_POINT('',(24.35,-30.));
#1621 = CARTESIAN_POINT('',(0.,-30.));
#1622 = ( GEOMETRIC_REPRESENTATION_CONTEXT(2) 
PARAMETRIC_REPRESENTATION_CONTEXT() REPRESENTATION_CONTEXT('2D SPACE',''
  ) );
#1623 = ORIENTED_EDGE('',*,*,#1624,.T.);
#1624 = EDGE_CURVE('',#1599,#1625,#1627,.T.);
#1625 = VERTEX_POINT('',#1626);
#1626 = CARTESIAN_POINT('',(16.575,-12.175,34.));
#1627 = SURFACE_CURVE('',#1628,(#1632,#1638),.PCURVE_S1.);
#1628 = LINE('',#1629,#1630);
#1629 = CARTESIAN_POINT('',(17.1125,-12.175,34.));
#1630 = VECTOR('',#1631,1.);
#1631 = DIRECTION('',(-1.,0.,0.));
#1632 = PCURVE('',#271,#1633);
#1633 = DEFINITIONAL_REPRESENTATION('',(#1634),#1637);
#1634 = B_SPLINE_CURVE_WITH_KNOTS('',1,(#1635,#1636),.UNSPECIFIED.,.F.,
  .F.,(2,2),(-1.6125,0.5375),.PIECEWISE_BEZIER_KNOTS.);
#1635 = CARTESIAN_POINT('',(1.075,-12.175));
#1636 = CARTESIAN_POINT('',(-1.075,-12.175));
#1637 = ( GEOMETRIC_REPRESENTATION_CONTEXT(2) 
PARAMETRIC_REPRESENTATION_CONTEXT() REPRESENTATION_CONTEXT('2D SPACE',''
  ) );
#1638 = PCURVE('',#1639,#1644);
#1639 = PLANE('',#1640);
#1640 = AXIS2_PLACEMENT_3D('',#1641,#1642,#1643);
#1641 = CARTESIAN_POINT('',(16.575,-12.175,4.));
#1642 = DIRECTION('',(0.,1.,0.));
#1643 = DIRECTION('',(1.,0.,0.));
#1644 = DEFINITIONAL_REPRESENTATION('',(#1645),#1648);
#1645 = B_SPLINE_CURVE_WITH_KNOTS('',1,(#1646,#1647),.UNSPECIFIED.,.F.,
  .F.,(2,2),(-1.6125,0.5375),.PIECEWISE_BEZIER_KNOTS.);
#1646 = CARTESIAN_POINT('',(2.15,-30.));
#1647 = CARTESIAN_POINT('',(0.,-30.));
#1648 = ( GEOMETRIC_REPRESENTATION_CONTEXT(2) 
PARAMETRIC_REPRESENTATION_CONTEXT() REPRESENTATION_CONTEXT('2D SPACE',''
  ) );
#1649 = ORIENTED_EDGE('',*,*,#1650,.T.);
#1650 = EDGE_CURVE('',#1625,#1651,#1653,.T.);
#1651 = VERTEX_POINT('',#1652);
#1652 = CARTESIAN_POINT('',(16.575,12.175,34.));
#1653 = SURFACE_CURVE('',#1654,(#1658,#1664),.PCURVE_S1.);
#1654 = LINE('',#1655,#1656);
#1655 = CARTESIAN_POINT('',(16.575,6.0875,34.));
#1656 = VECTOR('',#1657,1.);
#1657 = DIRECTION('',(-0.,1.,0.));
#1658 = PCURVE('',#271,#1659);
#1659 = DEFINITIONAL_REPRESENTATION('',(#1660),#1663);
#1660 = B_SPLINE_CURVE_WITH_KNOTS('',1,(#1661,#1662),.UNSPECIFIED.,.F.,
  .F.,(2,2),(-18.2625,6.0875),.PIECEWISE_BEZIER_KNOTS.);
#1661 = CARTESIAN_POINT('',(-1.075,-12.175));
#1662 = CARTESIAN_POINT('',(-1.075,12.175));
#1663 = ( GEOMETRIC_REPRESENTATION_CONTEXT(2) 
PARAMETRIC_REPRESENTATION_CONTEXT() REPRESENTATION_CONTEXT('2D SPACE',''
  ) );
#1664 = PCURVE('',#1665,#1670);
#1665 = PLANE('',#1666);
#1666 = AXIS2_PLACEMENT_3D('',#1667,#1668,#1669);
#1667 = CARTESIAN_POINT('',(16.575,12.175,4.));
#1668 = DIRECTION('',(1.,0.,-0.));
#1669 = DIRECTION('',(0.,-1.,0.));
#1670 = DEFINITIONAL_REPRESENTATION('',(#1671),#1674);
#1671 = B_SPLINE_CURVE_WITH_KNOTS('',1,(#1672,#1673),.UNSPECIFIED.,.F.,
  .F.,(2,2),(-18.2625,6.0875),.PIECEWISE_BEZIER_KNOTS.);
#1672 = CARTESIAN_POINT('',(24.35,-30.));
#1673 = CARTESIAN_POINT('',(0.,-30.));
#1674 = ( GEOMETRIC_REPRESENTATION_CONTEXT(2) 
PARAMETRIC_REPRESENTATION_CONTEXT() REPRESENTATION_CONTEXT('2D SPACE',''
  ) );
#1675 = ORIENTED_EDGE('',*,*,#1676,.T.);
#1676 = EDGE_CURVE('',#1651,#1597,#1677,.T.);
#1677 = SURFACE_CURVE('',#1678,(#1682,#1688),.PCURVE_S1.);
#1678 = LINE('',#1679,#1680);
#1679 = CARTESIAN_POINT('',(18.1875,12.175,34.));
#1680 = VECTOR('',#1681,1.);
#1681 = DIRECTION('',(1.,0.,-0.));
#1682 = PCURVE('',#271,#1683);
#1683 = DEFINITIONAL_REPRESENTATION('',(#1684),#1687);
#1684 = B_SPLINE_CURVE_WITH_KNOTS('',1,(#1685,#1686),.UNSPECIFIED.,.F.,
  .F.,(2,2),(-1.6125,0.5375),.PIECEWISE_BEZIER_KNOTS.);
#1685 = CARTESIAN_POINT('',(-1.075,12.175));
#1686 = CARTESIAN_POINT('',(1.075,12.175));
#1687 = ( GEOMETRIC_REPRESENTATION_CONTEXT(2) 
PARAMETRIC_REPRESENTATION_CONTEXT() REPRESENTATION_CONTEXT('2D SPACE',''
  ) );
#1688 = PCURVE('',#1689,#1694);
#1689 = PLANE('',#1690);
#1690 = AXIS2_PLACEMENT_3D('',#1691,#1692,#1693);
#1691 = CARTESIAN_POINT('',(18.725,12.175,4.));
#1692 = DIRECTION('',(0.,-1.,0.));
#1693 = DIRECTION('',(-1.,0.,0.));
#1694 = DEFINITIONAL_REPRESENTATION('',(#1695),#1698);
#1695 = B_SPLINE_CURVE_WITH_KNOTS('',1,(#1696,#1697),.UNSPECIFIED.,.F.,
  .F.,(2,2),(-1.6125,0.5375),.PIECEWISE_BEZIER_KNOTS.);
#1696 = CARTESIAN_POINT('',(2.15,-30.));
#1697 = CARTESIAN_POINT('',(0.,-30.));
#1698 = ( GEOMETRIC_REPRESENTATION_CONTEXT(2) 
PARAMETRIC_REPRESENTATION_CONTEXT() REPRESENTATION_CONTEXT('2D SPACE',''
  ) );
#1699 = ADVANCED_FACE('',(#1700),#452,.F.);
#1700 = FACE_BOUND('',#1701,.T.);
#1701 = EDGE_LOOP('',(#1702,#1703,#1724,#1725));
#1702 = ORIENTED_EDGE('',*,*,#354,.F.);
#1703 = ORIENTED_EDGE('',*,*,#1704,.T.);
#1704 = EDGE_CURVE('',#355,#1078,#1705,.T.);
#1705 = SEAM_CURVE('',#1706,(#1710,#1717),.PCURVE_S1.);
#1706 = LINE('',#1707,#1708);
#1707 = CARTESIAN_POINT('',(1.45,15.65,17.));
#1708 = VECTOR('',#1709,1.);
#1709 = DIRECTION('',(0.,-1.,0.));
#1710 = PCURVE('',#452,#1711);
#1711 = DEFINITIONAL_REPRESENTATION('',(#1712),#1716);
#1712 = LINE('',#1713,#1714);
#1713 = CARTESIAN_POINT('',(-6.28318530718,0.));
#1714 = VECTOR('',#1715,1.);
#1715 = DIRECTION('',(-0.,-1.));
#1716 = ( GEOMETRIC_REPRESENTATION_CONTEXT(2) 
PARAMETRIC_REPRESENTATION_CONTEXT() REPRESENTATION_CONTEXT('2D SPACE',''
  ) );
#1717 = PCURVE('',#452,#1718);
#1718 = DEFINITIONAL_REPRESENTATION('',(#1719),#1723);
#1719 = LINE('',#1720,#1721);
#1720 = CARTESIAN_POINT('',(-0.,0.));
#1721 = VECTOR('',#1722,1.);
#1722 = DIRECTION('',(-0.,-1.));
#1723 = ( GEOMETRIC_REPRESENTATION_CONTEXT(2) 
PARAMETRIC_REPRESENTATION_CONTEXT() REPRESENTATION_CONTEXT('2D SPACE',''
  ) );
#1724 = ORIENTED_EDGE('',*,*,#1077,.T.);
#1725 = ORIENTED_EDGE('',*,*,#1704,.F.);
#1726 = ADVANCED_FACE('',(#1727),#629,.F.);
#1727 = FACE_BOUND('',#1728,.T.);
#1728 = EDGE_LOOP('',(#1729,#1730,#1751,#1752));
#1729 = ORIENTED_EDGE('',*,*,#507,.F.);
#1730 = ORIENTED_EDGE('',*,*,#1731,.T.);
#1731 = EDGE_CURVE('',#508,#1374,#1732,.T.);
#1732 = SEAM_CURVE('',#1733,(#1737,#1744),.PCURVE_S1.);
#1733 = LINE('',#1734,#1735);
#1734 = CARTESIAN_POINT('',(-15.65,2.5,17.));
#1735 = VECTOR('',#1736,1.);
#1736 = DIRECTION('',(1.,0.,0.));
#1737 = PCURVE('',#629,#1738);
#1738 = DEFINITIONAL_REPRESENTATION('',(#1739),#1743);
#1739 = LINE('',#1740,#1741);
#1740 = CARTESIAN_POINT('',(-6.28318530718,0.));
#1741 = VECTOR('',#1742,1.);
#1742 = DIRECTION('',(-0.,-1.));
#1743 = ( GEOMETRIC_REPRESENTATION_CONTEXT(2) 
PARAMETRIC_REPRESENTATION_CONTEXT() REPRESENTATION_CONTEXT('2D SPACE',''
  ) );
#1744 = PCURVE('',#629,#1745);
#1745 = DEFINITIONAL_REPRESENTATION('',(#1746),#1750);
#1746 = LINE('',#1747,#1748);
#1747 = CARTESIAN_POINT('',(-0.,0.));
#1748 = VECTOR('',#1749,1.);
#1749 = DIRECTION('',(-0.,-1.));
#1750 = ( GEOMETRIC_REPRESENTATION_CONTEXT(2) 
PARAMETRIC_REPRESENTATION_CONTEXT() REPRESENTATION_CONTEXT('2D SPACE',''
  ) );
#1751 = ORIENTED_EDGE('',*,*,#1373,.T.);
#1752 = ORIENTED_EDGE('',*,*,#1731,.F.);
#1753 = ADVANCED_FACE('',(#1754),#794,.F.);
#1754 = FACE_BOUND('',#1755,.T.);
#1755 = EDGE_LOOP('',(#1756,#1757,#1778,#1779));
#1756 = ORIENTED_EDGE('',*,*,#1225,.F.);
#1757 = ORIENTED_EDGE('',*,*,#1758,.T.);
#1758 = EDGE_CURVE('',#1226,#697,#1759,.T.);
#1759 = SEAM_CURVE('',#1760,(#1764,#1771),.PCURVE_S1.);
#1760 = LINE('',#1761,#1762);
#1761 = CARTESIAN_POINT('',(1.45,15.65,17.));
#1762 = VECTOR('',#1763,1.);
#1763 = DIRECTION('',(0.,-1.,0.));
#1764 = PCURVE('',#794,#1765);
#1765 = DEFINITIONAL_REPRESENTATION('',(#1766),#1770);
#1766 = LINE('',#1767,#1768);
#1767 = CARTESIAN_POINT('',(-6.28318530718,0.));
#1768 = VECTOR('',#1769,1.);
#1769 = DIRECTION('',(-0.,-1.));
#1770 = ( GEOMETRIC_REPRESENTATION_CONTEXT(2) 
PARAMETRIC_REPRESENTATION_CONTEXT() REPRESENTATION_CONTEXT('2D SPACE',''
  ) );
#1771 = PCURVE('',#794,#1772);
#1772 = DEFINITIONAL_REPRESENTATION('',(#1773),#1777);
#1773 = LINE('',#1774,#1775);
#1774 = CARTESIAN_POINT('',(-0.,0.));
#1775 = VECTOR('',#1776,1.);
#1776 = DIRECTION('',(-0.,-1.));
#1777 = ( GEOMETRIC_REPRESENTATION_CONTEXT(2) 
PARAMETRIC_REPRESENTATION_CONTEXT() REPRESENTATION_CONTEXT('2D SPACE',''
  ) );
#1778 = ORIENTED_EDGE('',*,*,#696,.T.);
#1779 = ORIENTED_EDGE('',*,*,#1758,.F.);
#1780 = ADVANCED_FACE('',(#1781),#1613,.T.);
#1781 = FACE_BOUND('',#1782,.T.);
#1782 = EDGE_LOOP('',(#1783,#1813,#1834,#1835));
#1783 = ORIENTED_EDGE('',*,*,#1784,.F.);
#1784 = EDGE_CURVE('',#1785,#1787,#1789,.T.);
#1785 = VERTEX_POINT('',#1786);
#1786 = CARTESIAN_POINT('',(18.725,-12.175,4.));
#1787 = VERTEX_POINT('',#1788);
#1788 = CARTESIAN_POINT('',(18.725,12.175,4.));
#1789 = SURFACE_CURVE('',#1790,(#1794,#1801),.PCURVE_S1.);
#1790 = LINE('',#1791,#1792);
#1791 = CARTESIAN_POINT('',(18.725,-12.175,4.));
#1792 = VECTOR('',#1793,1.);
#1793 = DIRECTION('',(0.,1.,0.));
#1794 = PCURVE('',#1613,#1795);
#1795 = DEFINITIONAL_REPRESENTATION('',(#1796),#1800);
#1796 = LINE('',#1797,#1798);
#1797 = CARTESIAN_POINT('',(0.,0.));
#1798 = VECTOR('',#1799,1.);
#1799 = DIRECTION('',(1.,0.));
#1800 = ( GEOMETRIC_REPRESENTATION_CONTEXT(2) 
PARAMETRIC_REPRESENTATION_CONTEXT() REPRESENTATION_CONTEXT('2D SPACE',''
  ) );
#1801 = PCURVE('',#1802,#1807);
#1802 = PLANE('',#1803);
#1803 = AXIS2_PLACEMENT_3D('',#1804,#1805,#1806);
#1804 = CARTESIAN_POINT('',(17.65,0.,4.));
#1805 = DIRECTION('',(0.,0.,1.));
#1806 = DIRECTION('',(1.,0.,-0.));
#1807 = DEFINITIONAL_REPRESENTATION('',(#1808),#1812);
#1808 = LINE('',#1809,#1810);
#1809 = CARTESIAN_POINT('',(1.075,-12.175));
#1810 = VECTOR('',#1811,1.);
#1811 = DIRECTION('',(0.,1.));
#1812 = ( GEOMETRIC_REPRESENTATION_CONTEXT(2) 
PARAMETRIC_REPRESENTATION_CONTEXT() REPRESENTATION_CONTEXT('2D SPACE',''
  ) );
#1813 = ORIENTED_EDGE('',*,*,#1814,.T.);
#1814 = EDGE_CURVE('',#1785,#1599,#1815,.T.);
#1815 = SURFACE_CURVE('',#1816,(#1820,#1827),.PCURVE_S1.);
#1816 = LINE('',#1817,#1818);
#1817 = CARTESIAN_POINT('',(18.725,-12.175,4.));
#1818 = VECTOR('',#1819,1.);
#1819 = DIRECTION('',(0.,0.,1.));
#1820 = PCURVE('',#1613,#1821);
#1821 = DEFINITIONAL_REPRESENTATION('',(#1822),#1826);
#1822 = LINE('',#1823,#1824);
#1823 = CARTESIAN_POINT('',(0.,0.));
#1824 = VECTOR('',#1825,1.);
#1825 = DIRECTION('',(0.,-1.));
#1826 = ( GEOMETRIC_REPRESENTATION_CONTEXT(2) 
PARAMETRIC_REPRESENTATION_CONTEXT() REPRESENTATION_CONTEXT('2D SPACE',''
  ) );
#1827 = PCURVE('',#1639,#1828);
#1828 = DEFINITIONAL_REPRESENTATION('',(#1829),#1833);
#1829 = LINE('',#1830,#1831);
#1830 = CARTESIAN_POINT('',(2.15,0.));
#1831 = VECTOR('',#1832,1.);
#1832 = DIRECTION('',(0.,-1.));
#1833 = ( GEOMETRIC_REPRESENTATION_CONTEXT(2) 
PARAMETRIC_REPRESENTATION_CONTEXT() REPRESENTATION_CONTEXT('2D SPACE',''
  ) );
#1834 = ORIENTED_EDGE('',*,*,#1596,.F.);
#1835 = ORIENTED_EDGE('',*,*,#1836,.F.);
#1836 = EDGE_CURVE('',#1787,#1597,#1837,.T.);
#1837 = SURFACE_CURVE('',#1838,(#1842,#1849),.PCURVE_S1.);
#1838 = LINE('',#1839,#1840);
#1839 = CARTESIAN_POINT('',(18.725,12.175,4.));
#1840 = VECTOR('',#1841,1.);
#1841 = DIRECTION('',(0.,0.,1.));
#1842 = PCURVE('',#1613,#1843);
#1843 = DEFINITIONAL_REPRESENTATION('',(#1844),#1848);
#1844 = LINE('',#1845,#1846);
#1845 = CARTESIAN_POINT('',(24.35,0.));
#1846 = VECTOR('',#1847,1.);
#1847 = DIRECTION('',(0.,-1.));
#1848 = ( GEOMETRIC_REPRESENTATION_CONTEXT(2) 
PARAMETRIC_REPRESENTATION_CONTEXT() REPRESENTATION_CONTEXT('2D SPACE',''
  ) );
#1849 = PCURVE('',#1689,#1850);
#1850 = DEFINITIONAL_REPRESENTATION('',(#1851),#1855);
#1851 = LINE('',#1852,#1853);
#1852 = CARTESIAN_POINT('',(0.,-0.));
#1853 = VECTOR('',#1854,1.);
#1854 = DIRECTION('',(0.,-1.));
#1855 = ( GEOMETRIC_REPRESENTATION_CONTEXT(2) 
PARAMETRIC_REPRESENTATION_CONTEXT() REPRESENTATION_CONTEXT('2D SPACE',''
  ) );
#1856 = ADVANCED_FACE('',(#1857),#1689,.T.);
#1857 = FACE_BOUND('',#1858,.T.);
#1858 = EDGE_LOOP('',(#1859,#1882,#1883,#1884));
#1859 = ORIENTED_EDGE('',*,*,#1860,.F.);
#1860 = EDGE_CURVE('',#1787,#1861,#1863,.T.);
#1861 = VERTEX_POINT('',#1862);
#1862 = CARTESIAN_POINT('',(16.575,12.175,4.));
#1863 = SURFACE_CURVE('',#1864,(#1868,#1875),.PCURVE_S1.);
#1864 = LINE('',#1865,#1866);
#1865 = CARTESIAN_POINT('',(18.725,12.175,4.));
#1866 = VECTOR('',#1867,1.);
#1867 = DIRECTION('',(-1.,0.,0.));
#1868 = PCURVE('',#1689,#1869);
#1869 = DEFINITIONAL_REPRESENTATION('',(#1870),#1874);
#1870 = LINE('',#1871,#1872);
#1871 = CARTESIAN_POINT('',(0.,-0.));
#1872 = VECTOR('',#1873,1.);
#1873 = DIRECTION('',(1.,0.));
#1874 = ( GEOMETRIC_REPRESENTATION_CONTEXT(2) 
PARAMETRIC_REPRESENTATION_CONTEXT() REPRESENTATION_CONTEXT('2D SPACE',''
  ) );
#1875 = PCURVE('',#1802,#1876);
#1876 = DEFINITIONAL_REPRESENTATION('',(#1877),#1881);
#1877 = LINE('',#1878,#1879);
#1878 = CARTESIAN_POINT('',(1.075,12.175));
#1879 = VECTOR('',#1880,1.);
#1880 = DIRECTION('',(-1.,0.));
#1881 = ( GEOMETRIC_REPRESENTATION_CONTEXT(2) 
PARAMETRIC_REPRESENTATION_CONTEXT() REPRESENTATION_CONTEXT('2D SPACE',''
  ) );
#1882 = ORIENTED_EDGE('',*,*,#1836,.T.);
#1883 = ORIENTED_EDGE('',*,*,#1676,.F.);
#1884 = ORIENTED_EDGE('',*,*,#1885,.F.);
#1885 = EDGE_CURVE('',#1861,#1651,#1886,.T.);
#1886 = SURFACE_CURVE('',#1887,(#1891,#1898),.PCURVE_S1.);
#1887 = LINE('',#1888,#1889);
#1888 = CARTESIAN_POINT('',(16.575,12.175,4.));
#1889 = VECTOR('',#1890,1.);
#1890 = DIRECTION('',(0.,0.,1.));
#1891 = PCURVE('',#1689,#1892);
#1892 = DEFINITIONAL_REPRESENTATION('',(#1893),#1897);
#1893 = LINE('',#1894,#1895);
#1894 = CARTESIAN_POINT('',(2.15,0.));
#1895 = VECTOR('',#1896,1.);
#1896 = DIRECTION('',(0.,-1.));
#1897 = ( GEOMETRIC_REPRESENTATION_CONTEXT(2) 
PARAMETRIC_REPRESENTATION_CONTEXT() REPRESENTATION_CONTEXT('2D SPACE',''
  ) );
#1898 = PCURVE('',#1665,#1899);
#1899 = DEFINITIONAL_REPRESENTATION('',(#1900),#1904);
#1900 = LINE('',#1901,#1902);
#1901 = CARTESIAN_POINT('',(0.,0.));
#1902 = VECTOR('',#1903,1.);
#1903 = DIRECTION('',(0.,-1.));
#1904 = ( GEOMETRIC_REPRESENTATION_CONTEXT(2) 
PARAMETRIC_REPRESENTATION_CONTEXT() REPRESENTATION_CONTEXT('2D SPACE',''
  ) );
#1905 = ADVANCED_FACE('',(#1906),#1665,.T.);
#1906 = FACE_BOUND('',#1907,.T.);
#1907 = EDGE_LOOP('',(#1908,#1931,#1932,#1933));
#1908 = ORIENTED_EDGE('',*,*,#1909,.F.);
#1909 = EDGE_CURVE('',#1861,#1910,#1912,.T.);
#1910 = VERTEX_POINT('',#1911);
#1911 = CARTESIAN_POINT('',(16.575,-12.175,4.));
#1912 = SURFACE_CURVE('',#1913,(#1917,#1924),.PCURVE_S1.);
#1913 = LINE('',#1914,#1915);
#1914 = CARTESIAN_POINT('',(16.575,12.175,4.));
#1915 = VECTOR('',#1916,1.);
#1916 = DIRECTION('',(0.,-1.,0.));
#1917 = PCURVE('',#1665,#1918);
#1918 = DEFINITIONAL_REPRESENTATION('',(#1919),#1923);
#1919 = LINE('',#1920,#1921);
#1920 = CARTESIAN_POINT('',(0.,0.));
#1921 = VECTOR('',#1922,1.);
#1922 = DIRECTION('',(1.,0.));
#1923 = ( GEOMETRIC_REPRESENTATION_CONTEXT(2) 
PARAMETRIC_REPRESENTATION_CONTEXT() REPRESENTATION_CONTEXT('2D SPACE',''
  ) );
#1924 = PCURVE('',#1802,#1925);
#1925 = DEFINITIONAL_REPRESENTATION('',(#1926),#1930);
#1926 = LINE('',#1927,#1928);
#1927 = CARTESIAN_POINT('',(-1.075,12.175));
#1928 = VECTOR('',#1929,1.);
#1929 = DIRECTION('',(0.,-1.));
#1930 = ( GEOMETRIC_REPRESENTATION_CONTEXT(2) 
PARAMETRIC_REPRESENTATION_CONTEXT() REPRESENTATION_CONTEXT('2D SPACE',''
  ) );
#1931 = ORIENTED_EDGE('',*,*,#1885,.T.);
#1932 = ORIENTED_EDGE('',*,*,#1650,.F.);
#1933 = ORIENTED_EDGE('',*,*,#1934,.F.);
#1934 = EDGE_CURVE('',#1910,#1625,#1935,.T.);
#1935 = SURFACE_CURVE('',#1936,(#1940,#1947),.PCURVE_S1.);
#1936 = LINE('',#1937,#1938);
#1937 = CARTESIAN_POINT('',(16.575,-12.175,4.));
#1938 = VECTOR('',#1939,1.);
#1939 = DIRECTION('',(0.,0.,1.));
#1940 = PCURVE('',#1665,#1941);
#1941 = DEFINITIONAL_REPRESENTATION('',(#1942),#1946);
#1942 = LINE('',#1943,#1944);
#1943 = CARTESIAN_POINT('',(24.35,0.));
#1944 = VECTOR('',#1945,1.);
#1945 = DIRECTION('',(0.,-1.));
#1946 = ( GEOMETRIC_REPRESENTATION_CONTEXT(2) 
PARAMETRIC_REPRESENTATION_CONTEXT() REPRESENTATION_CONTEXT('2D SPACE',''
  ) );
#1947 = PCURVE('',#1639,#1948);
#1948 = DEFINITIONAL_REPRESENTATION('',(#1949),#1953);
#1949 = LINE('',#1950,#1951);
#1950 = CARTESIAN_POINT('',(0.,0.));
#1951 = VECTOR('',#1952,1.);
#1952 = DIRECTION('',(0.,-1.));
#1953 = ( GEOMETRIC_REPRESENTATION_CONTEXT(2) 
PARAMETRIC_REPRESENTATION_CONTEXT() REPRESENTATION_CONTEXT('2D SPACE',''
  ) );
#1954 = ADVANCED_FACE('',(#1955),#1639,.T.);
#1955 = FACE_BOUND('',#1956,.T.);
#1956 = EDGE_LOOP('',(#1957,#1978,#1979,#1980));
#1957 = ORIENTED_EDGE('',*,*,#1958,.F.);
#1958 = EDGE_CURVE('',#1910,#1785,#1959,.T.);
#1959 = SURFACE_CURVE('',#1960,(#1964,#1971),.PCURVE_S1.);
#1960 = LINE('',#1961,#1962);
#1961 = CARTESIAN_POINT('',(16.575,-12.175,4.));
#1962 = VECTOR('',#1963,1.);
#1963 = DIRECTION('',(1.,0.,0.));
#1964 = PCURVE('',#1639,#1965);
#1965 = DEFINITIONAL_REPRESENTATION('',(#1966),#1970);
#1966 = LINE('',#1967,#1968);
#1967 = CARTESIAN_POINT('',(0.,0.));
#1968 = VECTOR('',#1969,1.);
#1969 = DIRECTION('',(1.,0.));
#1970 = ( GEOMETRIC_REPRESENTATION_CONTEXT(2) 
PARAMETRIC_REPRESENTATION_CONTEXT() REPRESENTATION_CONTEXT('2D SPACE',''
  ) );
#1971 = PCURVE('',#1802,#1972);
#1972 = DEFINITIONAL_REPRESENTATION('',(#1973),#1977);
#1973 = LINE('',#1974,#1975);
#1974 = CARTESIAN_POINT('',(-1.075,-12.175));
#1975 = VECTOR('',#1976,1.);
#1976 = DIRECTION('',(1.,0.));
#1977 = ( GEOMETRIC_REPRESENTATION_CONTEXT(2) 
PARAMETRIC_REPRESENTATION_CONTEXT() REPRESENTATION_CONTEXT('2D SPACE',''
  ) );
#1978 = ORIENTED_EDGE('',*,*,#1934,.T.);
#1979 = ORIENTED_EDGE('',*,*,#1624,.F.);
#1980 = ORIENTED_EDGE('',*,*,#1814,.F.);
#1981 = ADVANCED_FACE('',(#1982),#1802,.T.);
#1982 = FACE_BOUND('',#1983,.T.);
#1983 = EDGE_LOOP('',(#1984,#1985,#1986,#1987));
#1984 = ORIENTED_EDGE('',*,*,#1958,.T.);
#1985 = ORIENTED_EDGE('',*,*,#1784,.T.);
#1986 = ORIENTED_EDGE('',*,*,#1860,.T.);
#1987 = ORIENTED_EDGE('',*,*,#1909,.T.);
#1988 = ( GEOMETRIC_REPRESENTATION_CONTEXT(3) 
GLOBAL_UNCERTAINTY_ASSIGNED_CONTEXT((#1992)) 
GLOBAL_UNIT_ASSIGNED_CONTEXT((#1989,#1990,#1991)) REPRESENTATION_CONTEXT
('Context #1','3D Context with UNIT and UNCERTAINTY') );
#1989 = ( LENGTH_UNIT() NAMED_UNIT(*) SI_UNIT(.MILLI.,.METRE.) );
#1990 = ( NAMED_UNIT(*) PLANE_ANGLE_UNIT() SI_UNIT($,.RADIAN.) );
#1991 = ( NAMED_UNIT(*) SI_UNIT($,.STERADIAN.) SOLID_ANGLE_UNIT() );
#1992 = UNCERTAINTY_MEASURE_WITH_UNIT(LENGTH_MEASURE(1.E-07),#1989,
  'distance_accuracy_value','confusion accuracy');
#1993 = PRODUCT_RELATED_PRODUCT_CATEGORY('part',$,(#7));
ENDSEC;
END-ISO-10303-21;
