ISO-10303-21;
HEADER;
FILE_DESCRIPTION(('Open CASCADE Model'),'2;1');
FILE_NAME('Open CASCADE Shape Model','2026-08-30T21:53:22',('Author'),(
    'Open CASCADE'),'Open CASCADE STEP processor 7.9','Open CASCADE 7.9'
  ,'Unknown');
FILE_SCHEMA(('AUTOMOTIVE_DESIGN { 1 0 10303 214 1 1 1 1 }'));
ENDSEC;
DATA;
#1 = APPLICATION_PROTOCOL_DEFINITION('international standard',
  'automotive_design',2000,#2);
#2 = APPLICATION_CONTEXT(
  'core data for automotive mechanical design processes');
#3 = SHAPE_DEFINITION_REPRESENTATION(#4,#10);
#4 = PRODUCT_DEFINITION_SHAPE('','',#5);
#5 = PRODUCT_DEFINITION('design','',#6,#9);
#6 = PRODUCT_DEFINITION_FORMATION('','',#7);
#7 = PRODUCT('Open CASCADE STEP translator 7.9 6',
  'Open CASCADE STEP translator 7.9 6','',(#8));
#8 = PRODUCT_CONTEXT('',#2,'mechanical');
#9 = PRODUCT_DEFINITION_CONTEXT('part definition',#2,'design');
#10 = ADVANCED_BREP_SHAPE_REPRESENTATION('',(#11,#15),#2255);
#11 = AXIS2_PLACEMENT_3D('',#12,#13,#14);
#12 = CARTESIAN_POINT('',(0.,0.,0.));
#13 = DIRECTION('',(0.,0.,1.));
#14 = DIRECTION('',(1.,0.,-0.));
#15 = MANIFOLD_SOLID_BREP('',#16);
#16 = CLOSED_SHELL('',(#17,#696,#882,#927,#1079,#1295,#1622,#1949,#1974,
    #1999,#2067,#2169,#2194,#2221,#2248));
#17 = ADVANCED_FACE('',(#18),#33,.T.);
#18 = FACE_BOUND('',#19,.F.);
#19 = EDGE_LOOP('',(#20,#56,#83,#339,#361,#617,#639,#672));
#20 = ORIENTED_EDGE('',*,*,#21,.F.);
#21 = EDGE_CURVE('',#22,#24,#26,.T.);
#22 = VERTEX_POINT('',#23);
#23 = CARTESIAN_POINT('',(-6.000000000001,21.892692844874,0.));
#24 = VERTEX_POINT('',#25);
#25 = CARTESIAN_POINT('',(-1.5,-22.65038631017,0.));
#26 = SURFACE_CURVE('',#27,(#32,#44),.PCURVE_S1.);
#27 = CIRCLE('',#28,22.7);
#28 = AXIS2_PLACEMENT_3D('',#29,#30,#31);
#29 = CARTESIAN_POINT('',(0.,0.,0.));
#30 = DIRECTION('',(0.,0.,1.));
#31 = DIRECTION('',(-0.264317180617,0.964435808144,0.));
#32 = PCURVE('',#33,#38);
#33 = CYLINDRICAL_SURFACE('',#34,22.7);
#34 = AXIS2_PLACEMENT_3D('',#35,#36,#37);
#35 = CARTESIAN_POINT('',(0.,0.,0.));
#36 = DIRECTION('',(-0.,-0.,-1.));
#37 = DIRECTION('',(1.,0.,0.));
#38 = DEFINITIONAL_REPRESENTATION('',(#39),#43);
#39 = LINE('',#40,#41);
#40 = CARTESIAN_POINT('',(-1.838292181565,0.));
#41 = VECTOR('',#42,1.);
#42 = DIRECTION('',(-1.,0.));
#43 = ( GEOMETRIC_REPRESENTATION_CONTEXT(2) 
PARAMETRIC_REPRESENTATION_CONTEXT() REPRESENTATION_CONTEXT('2D SPACE',''
  ) );
#44 = PCURVE('',#45,#50);
#45 = PLANE('',#46);
#46 = AXIS2_PLACEMENT_3D('',#47,#48,#49);
#47 = CARTESIAN_POINT('',(-1.44575168198E-15,1.001019497952E-15,0.));
#48 = DIRECTION('',(0.,0.,1.));
#49 = DIRECTION('',(1.,0.,-0.));
#50 = DEFINITIONAL_REPRESENTATION('',(#51),#55);
#51 = CIRCLE('',#52,22.7);
#52 = AXIS2_PLACEMENT_2D('',#53,#54);
#53 = CARTESIAN_POINT('',(1.44575168198E-15,-1.001019497952E-15));
#54 = DIRECTION('',(-0.264317180617,0.964435808144));
#55 = ( GEOMETRIC_REPRESENTATION_CONTEXT(2) 
PARAMETRIC_REPRESENTATION_CONTEXT() REPRESENTATION_CONTEXT('2D SPACE',''
  ) );
#56 = ORIENTED_EDGE('',*,*,#57,.F.);
#57 = EDGE_CURVE('',#58,#22,#60,.T.);
#58 = VERTEX_POINT('',#59);
#59 = CARTESIAN_POINT('',(-6.,21.892692844874,5.784125728663));
#60 = SURFACE_CURVE('',#61,(#65,#71),.PCURVE_S1.);
#61 = LINE('',#62,#63);
#62 = CARTESIAN_POINT('',(-6.,21.892692844874,0.));
#63 = VECTOR('',#64,1.);
#64 = DIRECTION('',(-0.,-0.,-1.));
#65 = PCURVE('',#33,#66);
#66 = DEFINITIONAL_REPRESENTATION('',(#67),#70);
#67 = B_SPLINE_CURVE_WITH_KNOTS('',1,(#68,#69),.UNSPECIFIED.,.F.,.F.,(2,
    2),(-30.,0.),.PIECEWISE_BEZIER_KNOTS.);
#68 = CARTESIAN_POINT('',(-1.838292181565,-30.));
#69 = CARTESIAN_POINT('',(-1.838292181565,0.));
#70 = ( GEOMETRIC_REPRESENTATION_CONTEXT(2) 
PARAMETRIC_REPRESENTATION_CONTEXT() REPRESENTATION_CONTEXT('2D SPACE',''
  ) );
#71 = PCURVE('',#72,#77);
#72 = PLANE('',#73);
#73 = AXIS2_PLACEMENT_3D('',#74,#75,#76);
#74 = CARTESIAN_POINT('',(-6.,36.7,0.));
#75 = DIRECTION('',(1.,0.,-0.));
#76 = DIRECTION('',(0.,-1.,0.));
#77 = DEFINITIONAL_REPRESENTATION('',(#78),#82);
#78 = LINE('',#79,#80);
#79 = CARTESIAN_POINT('',(14.807307155126,0.));
#80 = VECTOR('',#81,1.);
#81 = DIRECTION('',(0.,1.));
#82 = ( GEOMETRIC_REPRESENTATION_CONTEXT(2) 
PARAMETRIC_REPRESENTATION_CONTEXT() REPRESENTATION_CONTEXT('2D SPACE',''
  ) );
#83 = ORIENTED_EDGE('',*,*,#84,.F.);
#84 = EDGE_CURVE('',#85,#58,#87,.T.);
#85 = VERTEX_POINT('',#86);
#86 = CARTESIAN_POINT('',(-6.,21.892692844874,10.215874271337));
#87 = SURFACE_CURVE('',#88,(#168,#251),.PCURVE_S1.);
#88 = B_SPLINE_CURVE_WITH_KNOTS('',8,(#89,#90,#91,#92,#93,#94,#95,#96,
    #97,#98,#99,#100,#101,#102,#103,#104,#105,#106,#107,#108,#109,#110,
    #111,#112,#113,#114,#115,#116,#117,#118,#119,#120,#121,#122,#123,
    #124,#125,#126,#127,#128,#129,#130,#131,#132,#133,#134,#135,#136,
    #137,#138,#139,#140,#141,#142,#143,#144,#145,#146,#147,#148,#149,
    #150,#151,#152,#153,#154,#155,#156,#157,#158,#159,#160,#161,#162,
    #163,#164,#165,#166,#167),.UNSPECIFIED.,.F.,.F.,(9,7,7,7,7,7,7,7,7,7
    ,7,9),(0.,0.245777047398,0.393786300486,0.434346490398,
    0.468835336382,0.499840543446,0.532904743536,0.572792245456,
    0.62328866811,0.705021492268,0.844852105432,1.),.UNSPECIFIED.);
#89 = CARTESIAN_POINT('',(-6.,21.892692844874,10.215874271337));
#90 = CARTESIAN_POINT('',(-6.613318425608,21.724604315075,10.33289759508
    ));
#91 = CARTESIAN_POINT('',(-7.218754540459,21.537564721835,
    10.441478277264));
#92 = CARTESIAN_POINT('',(-7.822864852492,21.330077227766,10.53870135957
    ));
#93 = CARTESIAN_POINT('',(-8.427720537232,21.100524293805,
    10.620859810017));
#94 = CARTESIAN_POINT('',(-9.032979688968,20.847844474513,
    10.682816610223));
#95 = CARTESIAN_POINT('',(-9.636272819336,20.571733724334,
    10.717933772808));
#96 = CARTESIAN_POINT('',(-10.23298761916,20.273511996179,
    10.717726052945));
#97 = CARTESIAN_POINT('',(-11.16666450657,19.767522036479,10.64341989876
    ));
#98 = CARTESIAN_POINT('',(-11.51382962613,19.570258172086,
    10.598643063364));
#99 = CARTESIAN_POINT('',(-11.85654159992,19.366280913381,
    10.534353732848));
#100 = CARTESIAN_POINT('',(-12.19304202716,19.156612826466,
    10.447261093258));
#101 = CARTESIAN_POINT('',(-12.52035671374,18.943291178879,
    10.333498536077));
#102 = CARTESIAN_POINT('',(-12.83427213133,18.729658569612,
    10.188656332284));
#103 = CARTESIAN_POINT('',(-13.12904349404,18.521005200029,
    10.007931286264));
#104 = CARTESIAN_POINT('',(-13.46926463218,18.272304921012,
    9.726185779521));
#105 = CARTESIAN_POINT('',(-13.54032127448,18.219850466177,
    9.662582419734));
#106 = CARTESIAN_POINT('',(-13.60901034344,18.16866011108,9.595948664334
    ));
#107 = CARTESIAN_POINT('',(-13.6750887916,18.118966534882,9.526270926706
    ));
#108 = CARTESIAN_POINT('',(-13.73831462637,18.0710093352,9.453551089812)
  );
#109 = CARTESIAN_POINT('',(-13.79844638376,18.02503383913,9.377806707522
    ));
#110 = CARTESIAN_POINT('',(-13.85524260215,17.981289914271,
    9.299071205932));
#111 = CARTESIAN_POINT('',(-13.95371382902,17.904947612272,
    9.147942988427));
#112 = CARTESIAN_POINT('',(-13.99637689131,17.87166311543,9.076368871137
    ));
#113 = CARTESIAN_POINT('',(-14.03625985864,17.840365332853,
    9.002767147118));
#114 = CARTESIAN_POINT('',(-14.07318741129,17.811232675984,
    8.927247609155));
#115 = CARTESIAN_POINT('',(-14.10699904187,17.784432507933,
    8.849934319552));
#116 = CARTESIAN_POINT('',(-14.13754856322,17.760119727318,
    8.770965501166));
#117 = CARTESIAN_POINT('',(-14.16470361626,17.738435352112,
    8.690493428429));
#118 = CARTESIAN_POINT('',(-14.20959875983,17.702486955695,
    8.535138558164));
#119 = CARTESIAN_POINT('',(-14.22800847302,17.687698045402,
    8.460526631927));
#120 = CARTESIAN_POINT('',(-14.2434786429,17.675237469683,8.385012236938
    ));
#121 = CARTESIAN_POINT('',(-14.25593269575,17.66518575975,8.30876453754)
  );
#122 = CARTESIAN_POINT('',(-14.2653129911,17.657604373863,8.23195789139)
  );
#123 = CARTESIAN_POINT('',(-14.27158065425,17.652535190248,
    8.154771575715));
#124 = CARTESIAN_POINT('',(-14.27471540872,17.65,8.077389513553));
#125 = CARTESIAN_POINT('',(-14.27471540872,17.65,7.917471205542));
#126 = CARTESIAN_POINT('',(-14.27115071499,17.652882871477,
    7.834956088822));
#127 = CARTESIAN_POINT('',(-14.26402355859,17.658647232911,
    7.752677740089));
#128 = CARTESIAN_POINT('',(-14.25336024901,17.667264797497,
    7.670857724591));
#129 = CARTESIAN_POINT('',(-14.23921108513,17.67868137561,7.589713496264
    ));
#130 = CARTESIAN_POINT('',(-14.22165026614,17.692817877276,
    7.509455811422));
#131 = CARTESIAN_POINT('',(-14.20077580249,17.709571314635,
    7.430286142439));
#132 = CARTESIAN_POINT('',(-14.14767658763,17.75203168808,7.258427828081
    ));
#133 = CARTESIAN_POINT('',(-14.1140113655,17.778862706851,7.166362939788
    ));
#134 = CARTESIAN_POINT('',(-14.07590618825,17.809105823679,
    7.076434685606));
#135 = CARTESIAN_POINT('',(-14.03357310056,17.842534886364,
    6.988853817891));
#136 = CARTESIAN_POINT('',(-13.9872447354,17.878903403969,6.90380643959)
  );
#137 = CARTESIAN_POINT('',(-13.93717528548,17.917947323227,
    6.821453861515));
#138 = CARTESIAN_POINT('',(-13.88364147474,17.959387804954,
    6.741932459622));
#139 = CARTESIAN_POINT('',(-13.75516557285,18.058062223264,
    6.568406827297));
#140 = CARTESIAN_POINT('',(-13.6783187694,18.116563758195,6.476178676253
    ));
#141 = CARTESIAN_POINT('',(-13.59685792539,18.1779663553,6.388685034999)
  );
#142 = CARTESIAN_POINT('',(-13.51121870688,18.241823274146,
    6.305907365253));
#143 = CARTESIAN_POINT('',(-13.42182233661,18.307712274597,
    6.227796763907));
#144 = CARTESIAN_POINT('',(-13.32908029069,18.375234607594,
    6.154278092328));
#145 = CARTESIAN_POINT('',(-13.2333989952,18.444014005937,6.085254105666
    ));
#146 = CARTESIAN_POINT('',(-12.97621591142,18.626481478716,
    5.915976834036));
#147 = CARTESIAN_POINT('',(-12.8104869052,18.741718611501,5.822735215506
    ));
#148 = CARTESIAN_POINT('',(-12.63918562657,18.858271346755,
    5.740091039294));
#149 = CARTESIAN_POINT('',(-12.46330486455,18.97523893966,5.667263371347
    ));
#150 = CARTESIAN_POINT('',(-12.28366716174,19.091917681548,
    5.603496651935));
#151 = CARTESIAN_POINT('',(-12.10094884624,19.207765283425,
    5.548072233836));
#152 = CARTESIAN_POINT('',(-11.91570300862,19.322367588731,
    5.500318837588));
#153 = CARTESIAN_POINT('',(-11.40790684947,19.628799393918,
    5.389996599308));
#154 = CARTESIAN_POINT('',(-11.08064739794,19.81804707202,5.340869445314
    ));
#155 = CARTESIAN_POINT('',(-10.74886273556,20.001504030714,
    5.309325659378));
#156 = CARTESIAN_POINT('',(-10.41413783401,20.1782577214,5.292852927156)
  );
#157 = CARTESIAN_POINT('',(-10.0774922084,20.347885857772,5.289316028665
    ));
#158 = CARTESIAN_POINT('',(-9.73943967249,20.510299183869,5.29693697675)
  );
#159 = CARTESIAN_POINT('',(-9.399995379175,20.665640367799,
    5.314275517135));
#160 = CARTESIAN_POINT('',(-8.679864371619,20.979051185449,
    5.368974461167));
#161 = CARTESIAN_POINT('',(-8.299177852264,21.135362047215,
    5.408286530726));
#162 = CARTESIAN_POINT('',(-7.91734939643,21.282930981197,5.456444698465
    ));
#163 = CARTESIAN_POINT('',(-7.534896748304,21.421744165765,
    5.511976042214));
#164 = CARTESIAN_POINT('',(-7.15209860259,21.551908661518,5.573586906295
    ));
#165 = CARTESIAN_POINT('',(-6.768974016019,21.673616885081,
    5.640139484216));
#166 = CARTESIAN_POINT('',(-6.385206086179,21.787121705981,
    5.710627045681));
#167 = CARTESIAN_POINT('',(-6.,21.892692844874,5.784125728663));
#168 = PCURVE('',#33,#169);
#169 = DEFINITIONAL_REPRESENTATION('',(#170),#250);
#170 = B_SPLINE_CURVE_WITH_KNOTS('',8,(#171,#172,#173,#174,#175,#176,
    #177,#178,#179,#180,#181,#182,#183,#184,#185,#186,#187,#188,#189,
    #190,#191,#192,#193,#194,#195,#196,#197,#198,#199,#200,#201,#202,
    #203,#204,#205,#206,#207,#208,#209,#210,#211,#212,#213,#214,#215,
    #216,#217,#218,#219,#220,#221,#222,#223,#224,#225,#226,#227,#228,
    #229,#230,#231,#232,#233,#234,#235,#236,#237,#238,#239,#240,#241,
    #242,#243,#244,#245,#246,#247,#248,#249),.UNSPECIFIED.,.F.,.F.,(9,7,
    7,7,7,7,7,7,7,7,7,9),(0.,0.245777047398,0.393786300486,
    0.434346490398,0.468835336382,0.499840543446,0.532904743536,
    0.572792245456,0.62328866811,0.705021492268,0.844852105432,1.),
  .UNSPECIFIED.);
#171 = CARTESIAN_POINT('',(-1.838292181565,-10.21587427133));
#172 = CARTESIAN_POINT('',(-1.866306936532,-10.33289759508));
#173 = CARTESIAN_POINT('',(-1.894207471594,-10.44147827726));
#174 = CARTESIAN_POINT('',(-1.922323243739,-10.53870135957));
#175 = CARTESIAN_POINT('',(-1.950793591456,-10.62085981001));
#176 = CARTESIAN_POINT('',(-1.979655320726,-10.68281661022));
#177 = CARTESIAN_POINT('',(-2.008854832093,-10.7179337728));
#178 = CARTESIAN_POINT('',(-2.038225761597,-10.71772605294));
#179 = CARTESIAN_POINT('',(-2.085008541333,-10.64341989876));
#180 = CARTESIAN_POINT('',(-2.102595090358,-10.59864306336));
#181 = CARTESIAN_POINT('',(-2.120158346525,-10.53435373284));
#182 = CARTESIAN_POINT('',(-2.137617094472,-10.44726109325));
#183 = CARTESIAN_POINT('',(-2.154821291378,-10.33349853607));
#184 = CARTESIAN_POINT('',(-2.171543947519,-10.18865633228));
#185 = CARTESIAN_POINT('',(-2.18745161021,-10.00793128626));
#186 = CARTESIAN_POINT('',(-2.206016756533,-9.726185779521));
#187 = CARTESIAN_POINT('',(-2.209907485468,-9.662582419734));
#188 = CARTESIAN_POINT('',(-2.213681249418,-9.595948664334));
#189 = CARTESIAN_POINT('',(-2.217323430133,-9.526270926706));
#190 = CARTESIAN_POINT('',(-2.220819241453,-9.453551089812));
#191 = CARTESIAN_POINT('',(-2.224153740651,-9.377806707522));
#192 = CARTESIAN_POINT('',(-2.22731183979,-9.299071205932));
#193 = CARTESIAN_POINT('',(-2.232800750488,-9.147942988427));
#194 = CARTESIAN_POINT('',(-2.235184481325,-9.076368871137));
#195 = CARTESIAN_POINT('',(-2.237417822634,-9.002767147118));
#196 = CARTESIAN_POINT('',(-2.239489867365,-8.927247609155));
#197 = CARTESIAN_POINT('',(-2.241390511949,-8.849934319552));
#198 = CARTESIAN_POINT('',(-2.243110479872,-8.770965501166));
#199 = CARTESIAN_POINT('',(-2.244641345253,-8.690493428429));
#200 = CARTESIAN_POINT('',(-2.247175001995,-8.535138558164));
#201 = CARTESIAN_POINT('',(-2.248215272959,-8.460526631927));
#202 = CARTESIAN_POINT('',(-2.249090353021,-8.385012236938));
#203 = CARTESIAN_POINT('',(-2.249795391477,-8.30876453754));
#204 = CARTESIAN_POINT('',(-2.250326712445,-8.23195789139));
#205 = CARTESIAN_POINT('',(-2.250681824106,-8.154771575715));
#206 = CARTESIAN_POINT('',(-2.250859427933,-8.077389513553));
#207 = CARTESIAN_POINT('',(-2.250859427933,-7.917471205542));
#208 = CARTESIAN_POINT('',(-2.250657466064,-7.834956088822));
#209 = CARTESIAN_POINT('',(-2.250253656478,-7.752677740089));
#210 = CARTESIAN_POINT('',(-2.249649684437,-7.670857724591));
#211 = CARTESIAN_POINT('',(-2.248848774168,-7.589713496264));
#212 = CARTESIAN_POINT('',(-2.247855656708,-7.509455811422));
#213 = CARTESIAN_POINT('',(-2.246676537749,-7.430286142439));
#214 = CARTESIAN_POINT('',(-2.243681458132,-7.258427828081));
#215 = CARTESIAN_POINT('',(-2.241785010676,-7.166362939788));
#216 = CARTESIAN_POINT('',(-2.239641924902,-7.076434685606));
#217 = CARTESIAN_POINT('',(-2.237265701523,-6.988853817891));
#218 = CARTESIAN_POINT('',(-2.234671094912,-6.90380643959));
#219 = CARTESIAN_POINT('',(-2.231874067838,-6.821453861515));
#220 = CARTESIAN_POINT('',(-2.228891746188,-6.741932459622));
#221 = CARTESIAN_POINT('',(-2.221755359315,-6.568406827297));
#222 = CARTESIAN_POINT('',(-2.217500733434,-6.476178676253));
#223 = CARTESIAN_POINT('',(-2.213006966543,-6.388685034999));
#224 = CARTESIAN_POINT('',(-2.208301111774,-6.305907365253));
#225 = CARTESIAN_POINT('',(-2.20340900659,-6.227796763907));
#226 = CARTESIAN_POINT('',(-2.198355474469,-6.154278092328));
#227 = CARTESIAN_POINT('',(-2.193164526583,-6.085254105666));
#228 = CARTESIAN_POINT('',(-2.179273022245,-5.915976834036));
#229 = CARTESIAN_POINT('',(-2.170381102044,-5.822735215506));
#230 = CARTESIAN_POINT('',(-2.161254478368,-5.740091039294));
#231 = CARTESIAN_POINT('',(-2.151950524355,-5.667263371347));
#232 = CARTESIAN_POINT('',(-2.142515317947,-5.603496651935));
#233 = CARTESIAN_POINT('',(-2.132985514748,-5.548072233836));
#234 = CARTESIAN_POINT('',(-2.123390086576,-5.500318837588));
#235 = CARTESIAN_POINT('',(-2.097262712805,-5.389996599308));
#236 = CARTESIAN_POINT('',(-2.080611915268,-5.340869445314));
#237 = CARTESIAN_POINT('',(-2.063915404745,-5.309325659378));
#238 = CARTESIAN_POINT('',(-2.047246347185,-5.292852927156));
#239 = CARTESIAN_POINT('',(-2.030645833493,-5.289316028665));
#240 = CARTESIAN_POINT('',(-2.014128920366,-5.29693697675));
#241 = CARTESIAN_POINT('',(-1.997686834387,-5.314275517135));
#242 = CARTESIAN_POINT('',(-1.96308878541,-5.368974461167));
#243 = CARTESIAN_POINT('',(-1.944963749416,-5.408286530725));
#244 = CARTESIAN_POINT('',(-1.926937078896,-5.456444698466));
#245 = CARTESIAN_POINT('',(-1.909021073363,-5.511976042214));
#246 = CARTESIAN_POINT('',(-1.891216789859,-5.573586906295));
#247 = CARTESIAN_POINT('',(-1.8735138397,-5.640139484216));
#248 = CARTESIAN_POINT('',(-1.855887371381,-5.710627045681));
#249 = CARTESIAN_POINT('',(-1.838292181565,-5.784125728663));
#250 = ( GEOMETRIC_REPRESENTATION_CONTEXT(2) 
PARAMETRIC_REPRESENTATION_CONTEXT() REPRESENTATION_CONTEXT('2D SPACE',''
  ) );
#251 = PCURVE('',#252,#257);
#252 = CYLINDRICAL_SURFACE('',#253,2.7);
#253 = AXIS2_PLACEMENT_3D('',#254,#255,#256);
#254 = CARTESIAN_POINT('',(-20.,20.35,8.));
#255 = DIRECTION('',(-1.,-0.,-0.));
#256 = DIRECTION('',(0.,1.,0.));
#257 = DEFINITIONAL_REPRESENTATION('',(#258),#338);
#258 = B_SPLINE_CURVE_WITH_KNOTS('',8,(#259,#260,#261,#262,#263,#264,
    #265,#266,#267,#268,#269,#270,#271,#272,#273,#274,#275,#276,#277,
    #278,#279,#280,#281,#282,#283,#284,#285,#286,#287,#288,#289,#290,
    #291,#292,#293,#294,#295,#296,#297,#298,#299,#300,#301,#302,#303,
    #304,#305,#306,#307,#308,#309,#310,#311,#312,#313,#314,#315,#316,
    #317,#318,#319,#320,#321,#322,#323,#324,#325,#326,#327,#328,#329,
    #330,#331,#332,#333,#334,#335,#336,#337),.UNSPECIFIED.,.F.,.F.,(9,7,
    7,7,7,7,7,7,7,7,7,9),(0.,0.245777047398,0.393786300486,
    0.434346490398,0.468835336382,0.499840543446,0.532904743536,
    0.572792245456,0.62328866811,0.705021492268,0.844852105432,1.),
  .UNSPECIFIED.);
#259 = CARTESIAN_POINT('',(-0.962624895694,-14.));
#260 = CARTESIAN_POINT('',(-1.038481424187,-13.38668157439));
#261 = CARTESIAN_POINT('',(-1.118311993061,-12.78124545954));
#262 = CARTESIAN_POINT('',(-1.20261779019,-12.1771351475));
#263 = CARTESIAN_POINT('',(-1.292071096123,-11.57227946276));
#264 = CARTESIAN_POINT('',(-1.387290231053,-10.96702031103));
#265 = CARTESIAN_POINT('',(-1.489095098192,-10.36372718066));
#266 = CARTESIAN_POINT('',(-1.598386840184,-9.767012380835));
#267 = CARTESIAN_POINT('',(-1.787800506221,-8.83333549343));
#268 = CARTESIAN_POINT('',(-1.862495637038,-8.486170373868));
#269 = CARTESIAN_POINT('',(-1.941249701137,-8.143458400079));
#270 = CARTESIAN_POINT('',(-2.024646079239,-7.806957972836));
#271 = CARTESIAN_POINT('',(-2.113272501272,-7.479643286254));
#272 = CARTESIAN_POINT('',(-2.207838429336,-7.165727868664));
#273 = CARTESIAN_POINT('',(-2.309161314388,-6.870956505954));
#274 = CARTESIAN_POINT('',(-2.448349810669,-6.530735367819));
#275 = CARTESIAN_POINT('',(-2.478867085786,-6.459678725511));
#276 = CARTESIAN_POINT('',(-2.509956866769,-6.390989656553));
#277 = CARTESIAN_POINT('',(-2.541613433858,-6.324911208397));
#278 = CARTESIAN_POINT('',(-2.573831954402,-6.26168537363));
#279 = CARTESIAN_POINT('',(-2.606608956084,-6.201553616234));
#280 = CARTESIAN_POINT('',(-2.639942800159,-6.144757397849));
#281 = CARTESIAN_POINT('',(-2.70265240501,-6.04628617098));
#282 = CARTESIAN_POINT('',(-2.731872152203,-6.003623108689));
#283 = CARTESIAN_POINT('',(-2.761466837045,-5.963740141357));
#284 = CARTESIAN_POINT('',(-2.791411171714,-5.92681258871));
#285 = CARTESIAN_POINT('',(-2.821680705203,-5.89300095813));
#286 = CARTESIAN_POINT('',(-2.852251388728,-5.86245143678));
#287 = CARTESIAN_POINT('',(-2.883099141151,-5.835296383733));
#288 = CARTESIAN_POINT('',(-2.942158320651,-5.790401240163));
#289 = CARTESIAN_POINT('',(-2.970315819719,-5.771991526977));
#290 = CARTESIAN_POINT('',(-2.998637832374,-5.756521357091));
#291 = CARTESIAN_POINT('',(-3.027091908112,-5.744067304246));
#292 = CARTESIAN_POINT('',(-3.055646436157,-5.734687008898));
#293 = CARTESIAN_POINT('',(-3.084269856477,-5.728419345748));
#294 = CARTESIAN_POINT('',(-3.112929870793,-5.725284591278));
#295 = CARTESIAN_POINT('',(-3.17215887376,-5.725284591278));
#296 = CARTESIAN_POINT('',(-3.202720008398,-5.728849285004));
#297 = CARTESIAN_POINT('',(-3.233237009042,-5.735976441404));
#298 = CARTESIAN_POINT('',(-3.263671229969,-5.746639750983));
#299 = CARTESIAN_POINT('',(-3.293984189898,-5.760788914867));
#300 = CARTESIAN_POINT('',(-3.324137333689,-5.77834973386));
#301 = CARTESIAN_POINT('',(-3.354091794044,-5.799224197507));
#302 = CARTESIAN_POINT('',(-3.419656936183,-5.852323412361));
#303 = CARTESIAN_POINT('',(-3.455143154266,-5.885988634498));
#304 = CARTESIAN_POINT('',(-3.490234571409,-5.924093811746));
#305 = CARTESIAN_POINT('',(-3.524899407036,-5.966426899436));
#306 = CARTESIAN_POINT('',(-3.559105698903,-6.012755264599));
#307 = CARTESIAN_POINT('',(-3.592820665963,-6.062824714512));
#308 = CARTESIAN_POINT('',(-3.626010071225,-6.116358525251));
#309 = CARTESIAN_POINT('',(-3.699943071983,-6.244834427141));
#310 = CARTESIAN_POINT('',(-3.74034703814,-6.321681230595));
#311 = CARTESIAN_POINT('',(-3.779865053847,-6.403142074603));
#312 = CARTESIAN_POINT('',(-3.818509183928,-6.488781293115));
#313 = CARTESIAN_POINT('',(-3.85628811537,-6.578177663382));
#314 = CARTESIAN_POINT('',(-3.8932072854,-6.670919709307));
#315 = CARTESIAN_POINT('',(-3.929269009581,-6.766601004792));
#316 = CARTESIAN_POINT('',(-4.021452679429,-7.023784088573));
#317 = CARTESIAN_POINT('',(-4.076229095285,-7.189513094792));
#318 = CARTESIAN_POINT('',(-4.128974746331,-7.360814373424));
#319 = CARTESIAN_POINT('',(-4.179833260165,-7.536695135444));
#320 = CARTESIAN_POINT('',(-4.228931970209,-7.716332838253));
#321 = CARTESIAN_POINT('',(-4.276389285673,-7.899051153755));
#322 = CARTESIAN_POINT('',(-4.322316464384,-8.084296991379));
#323 = CARTESIAN_POINT('',(-4.44294095255,-8.592093150528));
#324 = CARTESIAN_POINT('',(-4.515052441687,-8.919352602059));
#325 = CARTESIAN_POINT('',(-4.583611707842,-9.251137264432));
#326 = CARTESIAN_POINT('',(-4.648992533288,-9.585862165986));
#327 = CARTESIAN_POINT('',(-4.711529920932,-9.9225077916));
#328 = CARTESIAN_POINT('',(-4.771538546763,-10.26056032751));
#329 = CARTESIAN_POINT('',(-4.829319567478,-10.60000462082));
#330 = CARTESIAN_POINT('',(-4.947152256225,-11.32013562838));
#331 = CARTESIAN_POINT('',(-5.006686428657,-11.70082214773));
#332 = CARTESIAN_POINT('',(-5.063956931075,-12.08265060356));
#333 = CARTESIAN_POINT('',(-5.119108163102,-12.46510325169));
#334 = CARTESIAN_POINT('',(-5.172256797198,-12.84790139741));
#335 = CARTESIAN_POINT('',(-5.223499887414,-13.23102598398));
#336 = CARTESIAN_POINT('',(-5.272917302732,-13.61479391382));
#337 = CARTESIAN_POINT('',(-5.320560411485,-14.));
#338 = ( GEOMETRIC_REPRESENTATION_CONTEXT(2) 
PARAMETRIC_REPRESENTATION_CONTEXT() REPRESENTATION_CONTEXT('2D SPACE',''
  ) );
#339 = ORIENTED_EDGE('',*,*,#340,.F.);
#340 = EDGE_CURVE('',#341,#85,#343,.T.);
#341 = VERTEX_POINT('',#342);
#342 = CARTESIAN_POINT('',(-6.,21.892692844874,19.784125728663));
#343 = SURFACE_CURVE('',#344,(#348,#354),.PCURVE_S1.);
#344 = LINE('',#345,#346);
#345 = CARTESIAN_POINT('',(-6.,21.892692844874,0.));
#346 = VECTOR('',#347,1.);
#347 = DIRECTION('',(-0.,-0.,-1.));
#348 = PCURVE('',#33,#349);
#349 = DEFINITIONAL_REPRESENTATION('',(#350),#353);
#350 = B_SPLINE_CURVE_WITH_KNOTS('',1,(#351,#352),.UNSPECIFIED.,.F.,.F.,
  (2,2),(-30.,0.),.PIECEWISE_BEZIER_KNOTS.);
#351 = CARTESIAN_POINT('',(-1.838292181565,-30.));
#352 = CARTESIAN_POINT('',(-1.838292181565,0.));
#353 = ( GEOMETRIC_REPRESENTATION_CONTEXT(2) 
PARAMETRIC_REPRESENTATION_CONTEXT() REPRESENTATION_CONTEXT('2D SPACE',''
  ) );
#354 = PCURVE('',#72,#355);
#355 = DEFINITIONAL_REPRESENTATION('',(#356),#360);
#356 = LINE('',#357,#358);
#357 = CARTESIAN_POINT('',(14.807307155126,0.));
#358 = VECTOR('',#359,1.);
#359 = DIRECTION('',(0.,1.));
#360 = ( GEOMETRIC_REPRESENTATION_CONTEXT(2) 
PARAMETRIC_REPRESENTATION_CONTEXT() REPRESENTATION_CONTEXT('2D SPACE',''
  ) );
#361 = ORIENTED_EDGE('',*,*,#362,.F.);
#362 = EDGE_CURVE('',#363,#341,#365,.T.);
#363 = VERTEX_POINT('',#364);
#364 = CARTESIAN_POINT('',(-6.,21.892692844874,24.215874271337));
#365 = SURFACE_CURVE('',#366,(#446,#529),.PCURVE_S1.);
#366 = B_SPLINE_CURVE_WITH_KNOTS('',8,(#367,#368,#369,#370,#371,#372,
    #373,#374,#375,#376,#377,#378,#379,#380,#381,#382,#383,#384,#385,
    #386,#387,#388,#389,#390,#391,#392,#393,#394,#395,#396,#397,#398,
    #399,#400,#401,#402,#403,#404,#405,#406,#407,#408,#409,#410,#411,
    #412,#413,#414,#415,#416,#417,#418,#419,#420,#421,#422,#423,#424,
    #425,#426,#427,#428,#429,#430,#431,#432,#433,#434,#435,#436,#437,
    #438,#439,#440,#441,#442,#443,#444,#445),.UNSPECIFIED.,.F.,.F.,(9,7,
    7,7,7,7,7,7,7,7,7,9),(0.,0.245777047401,0.393786300469,
    0.434346490374,0.468835336352,0.499840543412,0.532904744036,
    0.572792245946,0.623288668565,0.705021492654,0.844852105636,1.),
  .UNSPECIFIED.);
#367 = CARTESIAN_POINT('',(-6.,21.892692844874,24.215874271337));
#368 = CARTESIAN_POINT('',(-6.613318425607,21.724604315075,
    24.332897595079));
#369 = CARTESIAN_POINT('',(-7.218754540459,21.537564721834,
    24.441478277263));
#370 = CARTESIAN_POINT('',(-7.822864852494,21.330077227767,
    24.538701359574));
#371 = CARTESIAN_POINT('',(-8.427720537229,21.100524293803,
    24.620859810012));
#372 = CARTESIAN_POINT('',(-9.032979688968,20.847844474516,
    24.682816610227));
#373 = CARTESIAN_POINT('',(-9.636272819338,20.571733724332,
    24.717933772806));
#374 = CARTESIAN_POINT('',(-10.23298761916,20.273511996179,
    24.717726052945));
#375 = CARTESIAN_POINT('',(-11.16666450651,19.767522036507,
    24.643419898764));
#376 = CARTESIAN_POINT('',(-11.51382962623,19.570258172033,
    24.59864306336));
#377 = CARTESIAN_POINT('',(-11.85654159988,19.366280913394,
    24.534353732834));
#378 = CARTESIAN_POINT('',(-12.19304202712,19.156612826502,
    24.447261093277));
#379 = CARTESIAN_POINT('',(-12.52035671376,18.943291178864,
    24.333498536086));
#380 = CARTESIAN_POINT('',(-12.83427213136,18.729658569593,
    24.188656332254));
#381 = CARTESIAN_POINT('',(-13.12904349402,18.521005200042,
    24.007931286279));
#382 = CARTESIAN_POINT('',(-13.46926463218,18.272304921012,
    23.726185779521));
#383 = CARTESIAN_POINT('',(-13.54032127448,18.219850466177,
    23.662582419734));
#384 = CARTESIAN_POINT('',(-13.60901034344,18.16866011108,
    23.595948664334));
#385 = CARTESIAN_POINT('',(-13.6750887916,18.118966534882,
    23.526270926705));
#386 = CARTESIAN_POINT('',(-13.73831462637,18.0710093352,23.453551089812
    ));
#387 = CARTESIAN_POINT('',(-13.79844638376,18.02503383913,
    23.377806707522));
#388 = CARTESIAN_POINT('',(-13.85524260215,17.981289914271,
    23.299071205932));
#389 = CARTESIAN_POINT('',(-13.95371382902,17.904947612271,
    23.147942988425));
#390 = CARTESIAN_POINT('',(-13.99637689131,17.87166311543,
    23.076368871136));
#391 = CARTESIAN_POINT('',(-14.03625985864,17.840365332853,
    23.00276714712));
#392 = CARTESIAN_POINT('',(-14.07318741128,17.811232675985,
    22.927247609157));
#393 = CARTESIAN_POINT('',(-14.10699904187,17.784432507933,
    22.849934319554));
#394 = CARTESIAN_POINT('',(-14.13754856322,17.760119727317,
    22.770965501165));
#395 = CARTESIAN_POINT('',(-14.16470361626,17.738435352112,
    22.690493428426));
#396 = CARTESIAN_POINT('',(-14.20959875983,17.702486955695,
    22.535138558164));
#397 = CARTESIAN_POINT('',(-14.22800847302,17.687698045402,
    22.460526631927));
#398 = CARTESIAN_POINT('',(-14.2434786429,17.675237469683,
    22.385012236938));
#399 = CARTESIAN_POINT('',(-14.25593269575,17.66518575975,22.30876453754
    ));
#400 = CARTESIAN_POINT('',(-14.2653129911,17.657604373863,22.23195789139
    ));
#401 = CARTESIAN_POINT('',(-14.27158065425,17.652535190248,
    22.154771575715));
#402 = CARTESIAN_POINT('',(-14.27471540872,17.65,22.077389513553));
#403 = CARTESIAN_POINT('',(-14.27471540872,17.65,21.917471204196));
#404 = CARTESIAN_POINT('',(-14.27115071519,17.65288287132,21.83495608957
    ));
#405 = CARTESIAN_POINT('',(-14.2640235587,17.658647232824,
    21.752677741429));
#406 = CARTESIAN_POINT('',(-14.25336024885,17.667264797628,
    21.670857724618));
#407 = CARTESIAN_POINT('',(-14.23921108484,17.678681375841,
    21.589713494954));
#408 = CARTESIAN_POINT('',(-14.2216502661,17.692817877302,
    21.509455810645));
#409 = CARTESIAN_POINT('',(-14.20077580288,17.709571314319,
    21.430286143718));
#410 = CARTESIAN_POINT('',(-14.14767658763,17.75203168808,
    21.258427828081));
#411 = CARTESIAN_POINT('',(-14.1140113655,17.778862706851,
    21.166362939788));
#412 = CARTESIAN_POINT('',(-14.07590618825,17.809105823679,
    21.076434685606));
#413 = CARTESIAN_POINT('',(-14.03357310056,17.842534886364,
    20.988853817891));
#414 = CARTESIAN_POINT('',(-13.9872447354,17.878903403969,20.90380643959
    ));
#415 = CARTESIAN_POINT('',(-13.93717528548,17.917947323227,
    20.821453861515));
#416 = CARTESIAN_POINT('',(-13.88364147474,17.959387804954,
    20.741932459622));
#417 = CARTESIAN_POINT('',(-13.75516557288,18.058062223241,
    20.568406827338));
#418 = CARTESIAN_POINT('',(-13.67831876942,18.116563758183,
    20.476178676266));
#419 = CARTESIAN_POINT('',(-13.59685792538,18.177966355312,
    20.388685034977));
#420 = CARTESIAN_POINT('',(-13.51121870684,18.241823274174,
    20.305907365219));
#421 = CARTESIAN_POINT('',(-13.42182233659,18.307712274616,
    20.22779676389));
#422 = CARTESIAN_POINT('',(-13.3290802907,18.375234607583,
    20.154278092343));
#423 = CARTESIAN_POINT('',(-13.23339899525,18.444014005901,
    20.085254105699));
#424 = CARTESIAN_POINT('',(-12.97621591137,18.626481478755,
    19.915976833999));
#425 = CARTESIAN_POINT('',(-12.81048690524,18.741718611474,
    19.822735215537));
#426 = CARTESIAN_POINT('',(-12.63918562664,18.858271346713,
    19.740091039322));
#427 = CARTESIAN_POINT('',(-12.46330486455,18.975238939664,
    19.667263371333));
#428 = CARTESIAN_POINT('',(-12.28366716167,19.091917681595,
    19.603496651908));
#429 = CARTESIAN_POINT('',(-12.1009488462,19.207765283447,
    19.548072233836));
#430 = CARTESIAN_POINT('',(-11.9157030087,19.32236758868,19.500318837607
    ));
#431 = CARTESIAN_POINT('',(-11.40790684947,19.628799393918,
    19.389996599308));
#432 = CARTESIAN_POINT('',(-11.08064739794,19.81804707202,
    19.340869445314));
#433 = CARTESIAN_POINT('',(-10.74886273556,20.001504030714,
    19.309325659378));
#434 = CARTESIAN_POINT('',(-10.41413783401,20.1782577214,19.292852927156
    ));
#435 = CARTESIAN_POINT('',(-10.07749220839,20.347885857772,
    19.289316028665));
#436 = CARTESIAN_POINT('',(-9.73943967249,20.510299183869,
    19.296936976751));
#437 = CARTESIAN_POINT('',(-9.399995379175,20.665640367799,
    19.314275517135));
#438 = CARTESIAN_POINT('',(-8.679864371622,20.979051185448,
    19.368974461166));
#439 = CARTESIAN_POINT('',(-8.299177852261,21.135362047217,
    19.408286530726));
#440 = CARTESIAN_POINT('',(-7.917349396432,21.282930981196,
    19.456444698465));
#441 = CARTESIAN_POINT('',(-7.534896748304,21.421744165765,
    19.511976042214));
#442 = CARTESIAN_POINT('',(-7.152098602588,21.551908661519,
    19.573586906295));
#443 = CARTESIAN_POINT('',(-6.768974016022,21.67361688508,
    19.640139484216));
#444 = CARTESIAN_POINT('',(-6.385206086177,21.787121705981,
    19.710627045682));
#445 = CARTESIAN_POINT('',(-6.,21.892692844874,19.784125728663));
#446 = PCURVE('',#33,#447);
#447 = DEFINITIONAL_REPRESENTATION('',(#448),#528);
#448 = B_SPLINE_CURVE_WITH_KNOTS('',8,(#449,#450,#451,#452,#453,#454,
    #455,#456,#457,#458,#459,#460,#461,#462,#463,#464,#465,#466,#467,
    #468,#469,#470,#471,#472,#473,#474,#475,#476,#477,#478,#479,#480,
    #481,#482,#483,#484,#485,#486,#487,#488,#489,#490,#491,#492,#493,
    #494,#495,#496,#497,#498,#499,#500,#501,#502,#503,#504,#505,#506,
    #507,#508,#509,#510,#511,#512,#513,#514,#515,#516,#517,#518,#519,
    #520,#521,#522,#523,#524,#525,#526,#527),.UNSPECIFIED.,.F.,.F.,(9,7,
    7,7,7,7,7,7,7,7,7,9),(0.,0.245777047401,0.393786300469,
    0.434346490374,0.468835336352,0.499840543412,0.532904744036,
    0.572792245946,0.623288668565,0.705021492654,0.844852105636,1.),
  .UNSPECIFIED.);
#449 = CARTESIAN_POINT('',(-1.838292181565,-24.21587427133));
#450 = CARTESIAN_POINT('',(-1.866306936532,-24.33289759507));
#451 = CARTESIAN_POINT('',(-1.894207471594,-24.44147827726));
#452 = CARTESIAN_POINT('',(-1.922323243739,-24.53870135957));
#453 = CARTESIAN_POINT('',(-1.950793591456,-24.62085981001));
#454 = CARTESIAN_POINT('',(-1.979655320726,-24.68281661022));
#455 = CARTESIAN_POINT('',(-2.008854832093,-24.7179337728));
#456 = CARTESIAN_POINT('',(-2.038225761597,-24.71772605294));
#457 = CARTESIAN_POINT('',(-2.08500854133,-24.64341989876));
#458 = CARTESIAN_POINT('',(-2.102595090363,-24.59864306336));
#459 = CARTESIAN_POINT('',(-2.120158346523,-24.53435373283));
#460 = CARTESIAN_POINT('',(-2.137617094469,-24.44726109327));
#461 = CARTESIAN_POINT('',(-2.154821291379,-24.33349853608));
#462 = CARTESIAN_POINT('',(-2.171543947521,-24.18865633225));
#463 = CARTESIAN_POINT('',(-2.187451610209,-24.00793128627));
#464 = CARTESIAN_POINT('',(-2.206016756533,-23.72618577952));
#465 = CARTESIAN_POINT('',(-2.209907485468,-23.66258241973));
#466 = CARTESIAN_POINT('',(-2.213681249418,-23.59594866433));
#467 = CARTESIAN_POINT('',(-2.217323430133,-23.5262709267));
#468 = CARTESIAN_POINT('',(-2.220819241453,-23.45355108981));
#469 = CARTESIAN_POINT('',(-2.224153740651,-23.37780670752));
#470 = CARTESIAN_POINT('',(-2.22731183979,-23.29907120593));
#471 = CARTESIAN_POINT('',(-2.232800750488,-23.14794298842));
#472 = CARTESIAN_POINT('',(-2.235184481325,-23.07636887113));
#473 = CARTESIAN_POINT('',(-2.237417822634,-23.00276714712));
#474 = CARTESIAN_POINT('',(-2.239489867365,-22.92724760915));
#475 = CARTESIAN_POINT('',(-2.241390511949,-22.84993431955));
#476 = CARTESIAN_POINT('',(-2.243110479872,-22.77096550116));
#477 = CARTESIAN_POINT('',(-2.244641345253,-22.69049342842));
#478 = CARTESIAN_POINT('',(-2.247175001995,-22.53513855816));
#479 = CARTESIAN_POINT('',(-2.248215272959,-22.46052663192));
#480 = CARTESIAN_POINT('',(-2.249090353021,-22.38501223693));
#481 = CARTESIAN_POINT('',(-2.249795391477,-22.30876453754));
#482 = CARTESIAN_POINT('',(-2.250326712445,-22.23195789139));
#483 = CARTESIAN_POINT('',(-2.250681824106,-22.15477157571));
#484 = CARTESIAN_POINT('',(-2.250859427933,-22.07738951355));
#485 = CARTESIAN_POINT('',(-2.250859427933,-21.91747120419));
#486 = CARTESIAN_POINT('',(-2.250657466075,-21.83495608957));
#487 = CARTESIAN_POINT('',(-2.250253656484,-21.75267774142));
#488 = CARTESIAN_POINT('',(-2.249649684427,-21.67085772461));
#489 = CARTESIAN_POINT('',(-2.248848774152,-21.58971349495));
#490 = CARTESIAN_POINT('',(-2.247855656706,-21.50945581064));
#491 = CARTESIAN_POINT('',(-2.246676537772,-21.43028614371));
#492 = CARTESIAN_POINT('',(-2.243681458132,-21.25842782808));
#493 = CARTESIAN_POINT('',(-2.241785010676,-21.16636293978));
#494 = CARTESIAN_POINT('',(-2.239641924902,-21.0764346856));
#495 = CARTESIAN_POINT('',(-2.237265701523,-20.98885381789));
#496 = CARTESIAN_POINT('',(-2.234671094912,-20.90380643959));
#497 = CARTESIAN_POINT('',(-2.231874067838,-20.82145386151));
#498 = CARTESIAN_POINT('',(-2.228891746188,-20.74193245962));
#499 = CARTESIAN_POINT('',(-2.221755359316,-20.56840682733));
#500 = CARTESIAN_POINT('',(-2.217500733434,-20.47617867626));
#501 = CARTESIAN_POINT('',(-2.213006966542,-20.38868503497));
#502 = CARTESIAN_POINT('',(-2.208301111772,-20.30590736521));
#503 = CARTESIAN_POINT('',(-2.203409006589,-20.22779676389));
#504 = CARTESIAN_POINT('',(-2.198355474469,-20.15427809234));
#505 = CARTESIAN_POINT('',(-2.193164526586,-20.08525410569));
#506 = CARTESIAN_POINT('',(-2.179273022243,-19.91597683399));
#507 = CARTESIAN_POINT('',(-2.170381102046,-19.82273521553));
#508 = CARTESIAN_POINT('',(-2.161254478371,-19.74009103932));
#509 = CARTESIAN_POINT('',(-2.151950524355,-19.66726337133));
#510 = CARTESIAN_POINT('',(-2.142515317944,-19.6034966519));
#511 = CARTESIAN_POINT('',(-2.132985514746,-19.54807223383));
#512 = CARTESIAN_POINT('',(-2.12339008658,-19.5003188376));
#513 = CARTESIAN_POINT('',(-2.097262712805,-19.3899965993));
#514 = CARTESIAN_POINT('',(-2.080611915268,-19.34086944531));
#515 = CARTESIAN_POINT('',(-2.063915404745,-19.30932565937));
#516 = CARTESIAN_POINT('',(-2.047246347185,-19.29285292715));
#517 = CARTESIAN_POINT('',(-2.030645833493,-19.28931602866));
#518 = CARTESIAN_POINT('',(-2.014128920366,-19.29693697675));
#519 = CARTESIAN_POINT('',(-1.997686834387,-19.31427551713));
#520 = CARTESIAN_POINT('',(-1.96308878541,-19.36897446116));
#521 = CARTESIAN_POINT('',(-1.944963749416,-19.40828653072));
#522 = CARTESIAN_POINT('',(-1.926937078896,-19.45644469846));
#523 = CARTESIAN_POINT('',(-1.909021073363,-19.51197604221));
#524 = CARTESIAN_POINT('',(-1.891216789859,-19.57358690629));
#525 = CARTESIAN_POINT('',(-1.8735138397,-19.64013948421));
#526 = CARTESIAN_POINT('',(-1.855887371381,-19.71062704568));
#527 = CARTESIAN_POINT('',(-1.838292181565,-19.78412572866));
#528 = ( GEOMETRIC_REPRESENTATION_CONTEXT(2) 
PARAMETRIC_REPRESENTATION_CONTEXT() REPRESENTATION_CONTEXT('2D SPACE',''
  ) );
#529 = PCURVE('',#530,#535);
#530 = CYLINDRICAL_SURFACE('',#531,2.7);
#531 = AXIS2_PLACEMENT_3D('',#532,#533,#534);
#532 = CARTESIAN_POINT('',(-20.,20.35,22.));
#533 = DIRECTION('',(-1.,-0.,-0.));
#534 = DIRECTION('',(0.,1.,0.));
#535 = DEFINITIONAL_REPRESENTATION('',(#536),#616);
#536 = B_SPLINE_CURVE_WITH_KNOTS('',8,(#537,#538,#539,#540,#541,#542,
    #543,#544,#545,#546,#547,#548,#549,#550,#551,#552,#553,#554,#555,
    #556,#557,#558,#559,#560,#561,#562,#563,#564,#565,#566,#567,#568,
    #569,#570,#571,#572,#573,#574,#575,#576,#577,#578,#579,#580,#581,
    #582,#583,#584,#585,#586,#587,#588,#589,#590,#591,#592,#593,#594,
    #595,#596,#597,#598,#599,#600,#601,#602,#603,#604,#605,#606,#607,
    #608,#609,#610,#611,#612,#613,#614,#615),.UNSPECIFIED.,.F.,.F.,(9,7,
    7,7,7,7,7,7,7,7,7,9),(0.,0.245777047401,0.393786300469,
    0.434346490374,0.468835336352,0.499840543412,0.532904744036,
    0.572792245946,0.623288668565,0.705021492654,0.844852105636,1.),
  .UNSPECIFIED.);
#537 = CARTESIAN_POINT('',(-0.962624895694,-14.));
#538 = CARTESIAN_POINT('',(-1.038481424187,-13.38668157439));
#539 = CARTESIAN_POINT('',(-1.118311993061,-12.78124545954));
#540 = CARTESIAN_POINT('',(-1.20261779019,-12.1771351475));
#541 = CARTESIAN_POINT('',(-1.292071096122,-11.57227946276));
#542 = CARTESIAN_POINT('',(-1.387290231053,-10.96702031103));
#543 = CARTESIAN_POINT('',(-1.489095098192,-10.36372718066));
#544 = CARTESIAN_POINT('',(-1.598386840184,-9.767012380836));
#545 = CARTESIAN_POINT('',(-1.787800506211,-8.833335493481));
#546 = CARTESIAN_POINT('',(-1.862495637057,-8.486170373767));
#547 = CARTESIAN_POINT('',(-1.941249701133,-8.143458400121));
#548 = CARTESIAN_POINT('',(-2.024646079226,-7.806957972878));
#549 = CARTESIAN_POINT('',(-2.113272501273,-7.479643286232));
#550 = CARTESIAN_POINT('',(-2.207838429348,-7.165727868638));
#551 = CARTESIAN_POINT('',(-2.30916131438,-6.870956505972));
#552 = CARTESIAN_POINT('',(-2.448349810669,-6.530735367819));
#553 = CARTESIAN_POINT('',(-2.478867085786,-6.459678725511));
#554 = CARTESIAN_POINT('',(-2.509956866769,-6.390989656553));
#555 = CARTESIAN_POINT('',(-2.541613433858,-6.324911208397));
#556 = CARTESIAN_POINT('',(-2.573831954402,-6.26168537363));
#557 = CARTESIAN_POINT('',(-2.606608956084,-6.201553616234));
#558 = CARTESIAN_POINT('',(-2.639942800159,-6.144757397848));
#559 = CARTESIAN_POINT('',(-2.702652405011,-6.046286170978));
#560 = CARTESIAN_POINT('',(-2.731872152204,-6.003623108689));
#561 = CARTESIAN_POINT('',(-2.761466837044,-5.963740141357));
#562 = CARTESIAN_POINT('',(-2.791411171713,-5.926812588711));
#563 = CARTESIAN_POINT('',(-2.821680705202,-5.89300095813));
#564 = CARTESIAN_POINT('',(-2.852251388728,-5.86245143678));
#565 = CARTESIAN_POINT('',(-2.883099141153,-5.835296383732));
#566 = CARTESIAN_POINT('',(-2.942158320651,-5.790401240163));
#567 = CARTESIAN_POINT('',(-2.970315819719,-5.771991526977));
#568 = CARTESIAN_POINT('',(-2.998637832374,-5.756521357091));
#569 = CARTESIAN_POINT('',(-3.027091908112,-5.744067304246));
#570 = CARTESIAN_POINT('',(-3.055646436157,-5.734687008898));
#571 = CARTESIAN_POINT('',(-3.084269856477,-5.728419345748));
#572 = CARTESIAN_POINT('',(-3.112929870793,-5.725284591278));
#573 = CARTESIAN_POINT('',(-3.172158874258,-5.725284591278));
#574 = CARTESIAN_POINT('',(-3.202720008114,-5.728849284809));
#575 = CARTESIAN_POINT('',(-3.233237008543,-5.735976441295));
#576 = CARTESIAN_POINT('',(-3.263671229965,-5.746639751148));
#577 = CARTESIAN_POINT('',(-3.293984190393,-5.760788915155));
#578 = CARTESIAN_POINT('',(-3.324137333977,-5.778349733892));
#579 = CARTESIAN_POINT('',(-3.354091793555,-5.799224197112));
#580 = CARTESIAN_POINT('',(-3.419656936183,-5.852323412361));
#581 = CARTESIAN_POINT('',(-3.455143154266,-5.885988634498));
#582 = CARTESIAN_POINT('',(-3.490234571409,-5.924093811746));
#583 = CARTESIAN_POINT('',(-3.524899407036,-5.966426899436));
#584 = CARTESIAN_POINT('',(-3.559105698903,-6.012755264599));
#585 = CARTESIAN_POINT('',(-3.592820665963,-6.062824714512));
#586 = CARTESIAN_POINT('',(-3.626010071225,-6.116358525251));
#587 = CARTESIAN_POINT('',(-3.699943071966,-6.244834427111));
#588 = CARTESIAN_POINT('',(-3.740347038134,-6.321681230578));
#589 = CARTESIAN_POINT('',(-3.779865053856,-6.403142074618));
#590 = CARTESIAN_POINT('',(-3.818509183945,-6.488781293152));
#591 = CARTESIAN_POINT('',(-3.856288115379,-6.57817766341));
#592 = CARTESIAN_POINT('',(-3.893207285393,-6.670919709293));
#593 = CARTESIAN_POINT('',(-3.929269009563,-6.766601004741));
#594 = CARTESIAN_POINT('',(-4.021452679449,-7.023784088628));
#595 = CARTESIAN_POINT('',(-4.07622909527,-7.189513094757));
#596 = CARTESIAN_POINT('',(-4.128974746312,-7.36081437336));
#597 = CARTESIAN_POINT('',(-4.179833260169,-7.536695135445));
#598 = CARTESIAN_POINT('',(-4.228931970229,-7.716332838325));
#599 = CARTESIAN_POINT('',(-4.27638928568,-7.899051153797));
#600 = CARTESIAN_POINT('',(-4.322316464364,-8.084296991295));
#601 = CARTESIAN_POINT('',(-4.44294095255,-8.592093150528));
#602 = CARTESIAN_POINT('',(-4.515052441687,-8.919352602059));
#603 = CARTESIAN_POINT('',(-4.583611707842,-9.251137264431));
#604 = CARTESIAN_POINT('',(-4.648992533288,-9.585862165986));
#605 = CARTESIAN_POINT('',(-4.711529920932,-9.922507791601));
#606 = CARTESIAN_POINT('',(-4.771538546763,-10.26056032751));
#607 = CARTESIAN_POINT('',(-4.829319567477,-10.60000462082));
#608 = CARTESIAN_POINT('',(-4.947152256225,-11.32013562837));
#609 = CARTESIAN_POINT('',(-5.006686428658,-11.70082214773));
#610 = CARTESIAN_POINT('',(-5.063956931075,-12.08265060356));
#611 = CARTESIAN_POINT('',(-5.119108163102,-12.46510325169));
#612 = CARTESIAN_POINT('',(-5.172256797198,-12.84790139741));
#613 = CARTESIAN_POINT('',(-5.223499887413,-13.23102598397));
#614 = CARTESIAN_POINT('',(-5.272917302732,-13.61479391382));
#615 = CARTESIAN_POINT('',(-5.320560411485,-14.));
#616 = ( GEOMETRIC_REPRESENTATION_CONTEXT(2) 
PARAMETRIC_REPRESENTATION_CONTEXT() REPRESENTATION_CONTEXT('2D SPACE',''
  ) );
#617 = ORIENTED_EDGE('',*,*,#618,.F.);
#618 = EDGE_CURVE('',#619,#363,#621,.T.);
#619 = VERTEX_POINT('',#620);
#620 = CARTESIAN_POINT('',(-6.000000000001,21.892692844874,30.));
#621 = SURFACE_CURVE('',#622,(#626,#632),.PCURVE_S1.);
#622 = LINE('',#623,#624);
#623 = CARTESIAN_POINT('',(-6.,21.892692844874,0.));
#624 = VECTOR('',#625,1.);
#625 = DIRECTION('',(-0.,-0.,-1.));
#626 = PCURVE('',#33,#627);
#627 = DEFINITIONAL_REPRESENTATION('',(#628),#631);
#628 = B_SPLINE_CURVE_WITH_KNOTS('',1,(#629,#630),.UNSPECIFIED.,.F.,.F.,
  (2,2),(-30.,0.),.PIECEWISE_BEZIER_KNOTS.);
#629 = CARTESIAN_POINT('',(-1.838292181565,-30.));
#630 = CARTESIAN_POINT('',(-1.838292181565,0.));
#631 = ( GEOMETRIC_REPRESENTATION_CONTEXT(2) 
PARAMETRIC_REPRESENTATION_CONTEXT() REPRESENTATION_CONTEXT('2D SPACE',''
  ) );
#632 = PCURVE('',#72,#633);
#633 = DEFINITIONAL_REPRESENTATION('',(#634),#638);
#634 = LINE('',#635,#636);
#635 = CARTESIAN_POINT('',(14.807307155126,0.));
#636 = VECTOR('',#637,1.);
#637 = DIRECTION('',(0.,1.));
#638 = ( GEOMETRIC_REPRESENTATION_CONTEXT(2) 
PARAMETRIC_REPRESENTATION_CONTEXT() REPRESENTATION_CONTEXT('2D SPACE',''
  ) );
#639 = ORIENTED_EDGE('',*,*,#640,.F.);
#640 = EDGE_CURVE('',#641,#619,#643,.T.);
#641 = VERTEX_POINT('',#642);
#642 = CARTESIAN_POINT('',(-1.5,-22.65038631017,30.));
#643 = SURFACE_CURVE('',#644,(#649,#656),.PCURVE_S1.);
#644 = CIRCLE('',#645,22.7);
#645 = AXIS2_PLACEMENT_3D('',#646,#647,#648);
#646 = CARTESIAN_POINT('',(0.,0.,30.));
#647 = DIRECTION('',(0.,0.,-1.));
#648 = DIRECTION('',(0.264317180617,0.964435808144,0.));
#649 = PCURVE('',#33,#650);
#650 = DEFINITIONAL_REPRESENTATION('',(#651),#655);
#651 = LINE('',#652,#653);
#652 = CARTESIAN_POINT('',(-7.586485779204,-30.));
#653 = VECTOR('',#654,1.);
#654 = DIRECTION('',(1.,-0.));
#655 = ( GEOMETRIC_REPRESENTATION_CONTEXT(2) 
PARAMETRIC_REPRESENTATION_CONTEXT() REPRESENTATION_CONTEXT('2D SPACE',''
  ) );
#656 = PCURVE('',#657,#662);
#657 = PLANE('',#658);
#658 = AXIS2_PLACEMENT_3D('',#659,#660,#661);
#659 = CARTESIAN_POINT('',(-1.44575168198E-15,1.001019497952E-15,30.));
#660 = DIRECTION('',(0.,0.,1.));
#661 = DIRECTION('',(1.,0.,-0.));
#662 = DEFINITIONAL_REPRESENTATION('',(#663),#671);
#663 = ( BOUNDED_CURVE() B_SPLINE_CURVE(2,(#664,#665,#666,#667,#668,#669
,#670),.UNSPECIFIED.,.T.,.F.) B_SPLINE_CURVE_WITH_KNOTS((1,2,2,2,2,1),(
    -2.094395102393,0.,2.094395102393,4.188790204786,6.28318530718,
8.377580409573),.UNSPECIFIED.) CURVE() GEOMETRIC_REPRESENTATION_ITEM() 
RATIONAL_B_SPLINE_CURVE((1.,0.5,1.,0.5,1.,0.5,1.)) REPRESENTATION_ITEM(
  '') );
#664 = CARTESIAN_POINT('',(6.,21.892692844874));
#665 = CARTESIAN_POINT('',(43.919256321822,11.50038799946));
#666 = CARTESIAN_POINT('',(15.959628160911,-16.14249884514));
#667 = CARTESIAN_POINT('',(-12.,-43.78538568974));
#668 = CARTESIAN_POINT('',(-21.95962816091,-5.75019399973));
#669 = CARTESIAN_POINT('',(-31.91925632182,32.284997690288));
#670 = CARTESIAN_POINT('',(6.,21.892692844874));
#671 = ( GEOMETRIC_REPRESENTATION_CONTEXT(2) 
PARAMETRIC_REPRESENTATION_CONTEXT() REPRESENTATION_CONTEXT('2D SPACE',''
  ) );
#672 = ORIENTED_EDGE('',*,*,#673,.T.);
#673 = EDGE_CURVE('',#641,#24,#674,.T.);
#674 = SURFACE_CURVE('',#675,(#679,#685),.PCURVE_S1.);
#675 = LINE('',#676,#677);
#676 = CARTESIAN_POINT('',(-1.5,-22.65038631017,0.));
#677 = VECTOR('',#678,1.);
#678 = DIRECTION('',(-0.,-0.,-1.));
#679 = PCURVE('',#33,#680);
#680 = DEFINITIONAL_REPRESENTATION('',(#681),#684);
#681 = B_SPLINE_CURVE_WITH_KNOTS('',1,(#682,#683),.UNSPECIFIED.,.F.,.F.,
  (2,2),(-30.0000006,6.E-07),.PIECEWISE_BEZIER_KNOTS.);
#682 = CARTESIAN_POINT('',(-4.646261501581,-30.0000006));
#683 = CARTESIAN_POINT('',(-4.646261501581,6.E-07));
#684 = ( GEOMETRIC_REPRESENTATION_CONTEXT(2) 
PARAMETRIC_REPRESENTATION_CONTEXT() REPRESENTATION_CONTEXT('2D SPACE',''
  ) );
#685 = PCURVE('',#686,#691);
#686 = PLANE('',#687);
#687 = AXIS2_PLACEMENT_3D('',#688,#689,#690);
#688 = CARTESIAN_POINT('',(-1.5,0.,-1.));
#689 = DIRECTION('',(1.,0.,-0.));
#690 = DIRECTION('',(0.,-1.,0.));
#691 = DEFINITIONAL_REPRESENTATION('',(#692),#695);
#692 = B_SPLINE_CURVE_WITH_KNOTS('',1,(#693,#694),.UNSPECIFIED.,.F.,.F.,
  (2,2),(-30.0000006,6.E-07),.PIECEWISE_BEZIER_KNOTS.);
#693 = CARTESIAN_POINT('',(22.650386310171,-31.0000006));
#694 = CARTESIAN_POINT('',(22.650386310171,-0.9999994));
#695 = ( GEOMETRIC_REPRESENTATION_CONTEXT(2) 
PARAMETRIC_REPRESENTATION_CONTEXT() REPRESENTATION_CONTEXT('2D SPACE',''
  ) );
#696 = ADVANCED_FACE('',(#697),#45,.F.);
#697 = FACE_BOUND('',#698,.F.);
#698 = EDGE_LOOP('',(#699,#722,#723,#744,#773,#799,#828,#856));
#699 = ORIENTED_EDGE('',*,*,#700,.T.);
#700 = EDGE_CURVE('',#701,#22,#703,.T.);
#701 = VERTEX_POINT('',#702);
#702 = CARTESIAN_POINT('',(-6.,36.7,0.));
#703 = SURFACE_CURVE('',#704,(#708,#715),.PCURVE_S1.);
#704 = LINE('',#705,#706);
#705 = CARTESIAN_POINT('',(-6.,36.7,0.));
#706 = VECTOR('',#707,1.);
#707 = DIRECTION('',(0.,-1.,0.));
#708 = PCURVE('',#45,#709);
#709 = DEFINITIONAL_REPRESENTATION('',(#710),#714);
#710 = LINE('',#711,#712);
#711 = CARTESIAN_POINT('',(-6.,36.7));
#712 = VECTOR('',#713,1.);
#713 = DIRECTION('',(0.,-1.));
#714 = ( GEOMETRIC_REPRESENTATION_CONTEXT(2) 
PARAMETRIC_REPRESENTATION_CONTEXT() REPRESENTATION_CONTEXT('2D SPACE',''
  ) );
#715 = PCURVE('',#72,#716);
#716 = DEFINITIONAL_REPRESENTATION('',(#717),#721);
#717 = LINE('',#718,#719);
#718 = CARTESIAN_POINT('',(0.,0.));
#719 = VECTOR('',#720,1.);
#720 = DIRECTION('',(1.,0.));
#721 = ( GEOMETRIC_REPRESENTATION_CONTEXT(2) 
PARAMETRIC_REPRESENTATION_CONTEXT() REPRESENTATION_CONTEXT('2D SPACE',''
  ) );
#722 = ORIENTED_EDGE('',*,*,#21,.T.);
#723 = ORIENTED_EDGE('',*,*,#724,.T.);
#724 = EDGE_CURVE('',#24,#725,#727,.T.);
#725 = VERTEX_POINT('',#726);
#726 = CARTESIAN_POINT('',(-1.5,-16.80820112326,0.));
#727 = SURFACE_CURVE('',#728,(#732,#738),.PCURVE_S1.);
#728 = LINE('',#729,#730);
#729 = CARTESIAN_POINT('',(-1.5,5.005097489759E-16,0.));
#730 = VECTOR('',#731,1.);
#731 = DIRECTION('',(-0.,1.,0.));
#732 = PCURVE('',#45,#733);
#733 = DEFINITIONAL_REPRESENTATION('',(#734),#737);
#734 = B_SPLINE_CURVE_WITH_KNOTS('',1,(#735,#736),.UNSPECIFIED.,.F.,.F.,
  (2,2),(-22.7,-5.005097489759E-16),.PIECEWISE_BEZIER_KNOTS.);
#735 = CARTESIAN_POINT('',(-1.5,-22.7));
#736 = CARTESIAN_POINT('',(-1.5,-1.001019497952E-15));
#737 = ( GEOMETRIC_REPRESENTATION_CONTEXT(2) 
PARAMETRIC_REPRESENTATION_CONTEXT() REPRESENTATION_CONTEXT('2D SPACE',''
  ) );
#738 = PCURVE('',#686,#739);
#739 = DEFINITIONAL_REPRESENTATION('',(#740),#743);
#740 = B_SPLINE_CURVE_WITH_KNOTS('',1,(#741,#742),.UNSPECIFIED.,.F.,.F.,
  (2,2),(-22.7,-5.005097489759E-16),.PIECEWISE_BEZIER_KNOTS.);
#741 = CARTESIAN_POINT('',(22.7,-1.));
#742 = CARTESIAN_POINT('',(0.,-1.));
#743 = ( GEOMETRIC_REPRESENTATION_CONTEXT(2) 
PARAMETRIC_REPRESENTATION_CONTEXT() REPRESENTATION_CONTEXT('2D SPACE',''
  ) );
#744 = ORIENTED_EDGE('',*,*,#745,.F.);
#745 = EDGE_CURVE('',#746,#725,#748,.T.);
#746 = VERTEX_POINT('',#747);
#747 = CARTESIAN_POINT('',(1.5,-16.80820112326,0.));
#748 = SURFACE_CURVE('',#749,(#754,#761),.PCURVE_S1.);
#749 = CIRCLE('',#750,16.875);
#750 = AXIS2_PLACEMENT_3D('',#751,#752,#753);
#751 = CARTESIAN_POINT('',(0.,0.,0.));
#752 = DIRECTION('',(-0.,0.,1.));
#753 = DIRECTION('',(8.888888888889E-02,-0.996041548045,0.));
#754 = PCURVE('',#45,#755);
#755 = DEFINITIONAL_REPRESENTATION('',(#756),#760);
#756 = CIRCLE('',#757,16.875);
#757 = AXIS2_PLACEMENT_2D('',#758,#759);
#758 = CARTESIAN_POINT('',(1.44575168198E-15,-1.001019497952E-15));
#759 = DIRECTION('',(8.888888888889E-02,-0.996041548045));
#760 = ( GEOMETRIC_REPRESENTATION_CONTEXT(2) 
PARAMETRIC_REPRESENTATION_CONTEXT() REPRESENTATION_CONTEXT('2D SPACE',''
  ) );
#761 = PCURVE('',#762,#767);
#762 = CYLINDRICAL_SURFACE('',#763,16.875);
#763 = AXIS2_PLACEMENT_3D('',#764,#765,#766);
#764 = CARTESIAN_POINT('',(0.,0.,-1.));
#765 = DIRECTION('',(-0.,-0.,-1.));
#766 = DIRECTION('',(1.,0.,0.));
#767 = DEFINITIONAL_REPRESENTATION('',(#768),#772);
#768 = LINE('',#769,#770);
#769 = CARTESIAN_POINT('',(-4.801395342765,-1.));
#770 = VECTOR('',#771,1.);
#771 = DIRECTION('',(-1.,-0.));
#772 = ( GEOMETRIC_REPRESENTATION_CONTEXT(2) 
PARAMETRIC_REPRESENTATION_CONTEXT() REPRESENTATION_CONTEXT('2D SPACE',''
  ) );
#773 = ORIENTED_EDGE('',*,*,#774,.T.);
#774 = EDGE_CURVE('',#746,#775,#777,.T.);
#775 = VERTEX_POINT('',#776);
#776 = CARTESIAN_POINT('',(1.5,-22.65038631017,0.));
#777 = SURFACE_CURVE('',#778,(#782,#788),.PCURVE_S1.);
#778 = LINE('',#779,#780);
#779 = CARTESIAN_POINT('',(1.5,-16.7,0.));
#780 = VECTOR('',#781,1.);
#781 = DIRECTION('',(0.,-1.,0.));
#782 = PCURVE('',#45,#783);
#783 = DEFINITIONAL_REPRESENTATION('',(#784),#787);
#784 = B_SPLINE_CURVE_WITH_KNOTS('',1,(#785,#786),.UNSPECIFIED.,.F.,.F.,
  (2,2),(-16.7,6.),.PIECEWISE_BEZIER_KNOTS.);
#785 = CARTESIAN_POINT('',(1.5,0.));
#786 = CARTESIAN_POINT('',(1.5,-22.7));
#787 = ( GEOMETRIC_REPRESENTATION_CONTEXT(2) 
PARAMETRIC_REPRESENTATION_CONTEXT() REPRESENTATION_CONTEXT('2D SPACE',''
  ) );
#788 = PCURVE('',#789,#794);
#789 = PLANE('',#790);
#790 = AXIS2_PLACEMENT_3D('',#791,#792,#793);
#791 = CARTESIAN_POINT('',(1.5,-33.4,-1.));
#792 = DIRECTION('',(-1.,0.,0.));
#793 = DIRECTION('',(0.,1.,0.));
#794 = DEFINITIONAL_REPRESENTATION('',(#795),#798);
#795 = B_SPLINE_CURVE_WITH_KNOTS('',1,(#796,#797),.UNSPECIFIED.,.F.,.F.,
  (2,2),(-16.7,6.),.PIECEWISE_BEZIER_KNOTS.);
#796 = CARTESIAN_POINT('',(33.4,-1.));
#797 = CARTESIAN_POINT('',(10.7,-1.));
#798 = ( GEOMETRIC_REPRESENTATION_CONTEXT(2) 
PARAMETRIC_REPRESENTATION_CONTEXT() REPRESENTATION_CONTEXT('2D SPACE',''
  ) );
#799 = ORIENTED_EDGE('',*,*,#800,.T.);
#800 = EDGE_CURVE('',#775,#801,#803,.T.);
#801 = VERTEX_POINT('',#802);
#802 = CARTESIAN_POINT('',(6.,21.892692844874,0.));
#803 = SURFACE_CURVE('',#804,(#809,#816),.PCURVE_S1.);
#804 = CIRCLE('',#805,22.7);
#805 = AXIS2_PLACEMENT_3D('',#806,#807,#808);
#806 = CARTESIAN_POINT('',(0.,0.,0.));
#807 = DIRECTION('',(0.,0.,1.));
#808 = DIRECTION('',(-0.264317180617,0.964435808144,0.));
#809 = PCURVE('',#45,#810);
#810 = DEFINITIONAL_REPRESENTATION('',(#811),#815);
#811 = CIRCLE('',#812,22.7);
#812 = AXIS2_PLACEMENT_2D('',#813,#814);
#813 = CARTESIAN_POINT('',(1.44575168198E-15,-1.001019497952E-15));
#814 = DIRECTION('',(-0.264317180617,0.964435808144));
#815 = ( GEOMETRIC_REPRESENTATION_CONTEXT(2) 
PARAMETRIC_REPRESENTATION_CONTEXT() REPRESENTATION_CONTEXT('2D SPACE',''
  ) );
#816 = PCURVE('',#817,#822);
#817 = CYLINDRICAL_SURFACE('',#818,22.7);
#818 = AXIS2_PLACEMENT_3D('',#819,#820,#821);
#819 = CARTESIAN_POINT('',(0.,0.,0.));
#820 = DIRECTION('',(-0.,-0.,-1.));
#821 = DIRECTION('',(1.,0.,0.));
#822 = DEFINITIONAL_REPRESENTATION('',(#823),#827);
#823 = LINE('',#824,#825);
#824 = CARTESIAN_POINT('',(-1.838292181565,0.));
#825 = VECTOR('',#826,1.);
#826 = DIRECTION('',(-1.,0.));
#827 = ( GEOMETRIC_REPRESENTATION_CONTEXT(2) 
PARAMETRIC_REPRESENTATION_CONTEXT() REPRESENTATION_CONTEXT('2D SPACE',''
  ) );
#828 = ORIENTED_EDGE('',*,*,#829,.T.);
#829 = EDGE_CURVE('',#801,#830,#832,.T.);
#830 = VERTEX_POINT('',#831);
#831 = CARTESIAN_POINT('',(6.,36.7,0.));
#832 = SURFACE_CURVE('',#833,(#837,#844),.PCURVE_S1.);
#833 = LINE('',#834,#835);
#834 = CARTESIAN_POINT('',(6.,0.,0.));
#835 = VECTOR('',#836,1.);
#836 = DIRECTION('',(0.,1.,0.));
#837 = PCURVE('',#45,#838);
#838 = DEFINITIONAL_REPRESENTATION('',(#839),#843);
#839 = LINE('',#840,#841);
#840 = CARTESIAN_POINT('',(6.,-1.001019497952E-15));
#841 = VECTOR('',#842,1.);
#842 = DIRECTION('',(0.,1.));
#843 = ( GEOMETRIC_REPRESENTATION_CONTEXT(2) 
PARAMETRIC_REPRESENTATION_CONTEXT() REPRESENTATION_CONTEXT('2D SPACE',''
  ) );
#844 = PCURVE('',#845,#850);
#845 = PLANE('',#846);
#846 = AXIS2_PLACEMENT_3D('',#847,#848,#849);
#847 = CARTESIAN_POINT('',(6.,0.,0.));
#848 = DIRECTION('',(-1.,0.,0.));
#849 = DIRECTION('',(0.,1.,0.));
#850 = DEFINITIONAL_REPRESENTATION('',(#851),#855);
#851 = LINE('',#852,#853);
#852 = CARTESIAN_POINT('',(0.,0.));
#853 = VECTOR('',#854,1.);
#854 = DIRECTION('',(1.,0.));
#855 = ( GEOMETRIC_REPRESENTATION_CONTEXT(2) 
PARAMETRIC_REPRESENTATION_CONTEXT() REPRESENTATION_CONTEXT('2D SPACE',''
  ) );
#856 = ORIENTED_EDGE('',*,*,#857,.T.);
#857 = EDGE_CURVE('',#830,#701,#858,.T.);
#858 = SURFACE_CURVE('',#859,(#863,#870),.PCURVE_S1.);
#859 = LINE('',#860,#861);
#860 = CARTESIAN_POINT('',(6.,36.7,0.));
#861 = VECTOR('',#862,1.);
#862 = DIRECTION('',(-1.,0.,0.));
#863 = PCURVE('',#45,#864);
#864 = DEFINITIONAL_REPRESENTATION('',(#865),#869);
#865 = LINE('',#866,#867);
#866 = CARTESIAN_POINT('',(6.,36.7));
#867 = VECTOR('',#868,1.);
#868 = DIRECTION('',(-1.,0.));
#869 = ( GEOMETRIC_REPRESENTATION_CONTEXT(2) 
PARAMETRIC_REPRESENTATION_CONTEXT() REPRESENTATION_CONTEXT('2D SPACE',''
  ) );
#870 = PCURVE('',#871,#876);
#871 = PLANE('',#872);
#872 = AXIS2_PLACEMENT_3D('',#873,#874,#875);
#873 = CARTESIAN_POINT('',(6.,36.7,0.));
#874 = DIRECTION('',(0.,-1.,0.));
#875 = DIRECTION('',(-1.,0.,0.));
#876 = DEFINITIONAL_REPRESENTATION('',(#877),#881);
#877 = LINE('',#878,#879);
#878 = CARTESIAN_POINT('',(0.,-0.));
#879 = VECTOR('',#880,1.);
#880 = DIRECTION('',(1.,0.));
#881 = ( GEOMETRIC_REPRESENTATION_CONTEXT(2) 
PARAMETRIC_REPRESENTATION_CONTEXT() REPRESENTATION_CONTEXT('2D SPACE',''
  ) );
#882 = ADVANCED_FACE('',(#883),#686,.T.);
#883 = FACE_BOUND('',#884,.T.);
#884 = EDGE_LOOP('',(#885,#906,#907,#908));
#885 = ORIENTED_EDGE('',*,*,#886,.F.);
#886 = EDGE_CURVE('',#641,#887,#889,.T.);
#887 = VERTEX_POINT('',#888);
#888 = CARTESIAN_POINT('',(-1.5,-16.80820112326,30.));
#889 = SURFACE_CURVE('',#890,(#894,#900),.PCURVE_S1.);
#890 = LINE('',#891,#892);
#891 = CARTESIAN_POINT('',(-1.5,5.005097489759E-16,30.));
#892 = VECTOR('',#893,1.);
#893 = DIRECTION('',(-0.,1.,0.));
#894 = PCURVE('',#686,#895);
#895 = DEFINITIONAL_REPRESENTATION('',(#896),#899);
#896 = B_SPLINE_CURVE_WITH_KNOTS('',1,(#897,#898),.UNSPECIFIED.,.F.,.F.,
  (2,2),(-22.7,-5.005097489759E-16),.PIECEWISE_BEZIER_KNOTS.);
#897 = CARTESIAN_POINT('',(22.7,-31.));
#898 = CARTESIAN_POINT('',(0.,-31.));
#899 = ( GEOMETRIC_REPRESENTATION_CONTEXT(2) 
PARAMETRIC_REPRESENTATION_CONTEXT() REPRESENTATION_CONTEXT('2D SPACE',''
  ) );
#900 = PCURVE('',#657,#901);
#901 = DEFINITIONAL_REPRESENTATION('',(#902),#905);
#902 = B_SPLINE_CURVE_WITH_KNOTS('',1,(#903,#904),.UNSPECIFIED.,.F.,.F.,
  (2,2),(-22.7,-5.005097489759E-16),.PIECEWISE_BEZIER_KNOTS.);
#903 = CARTESIAN_POINT('',(-1.5,-22.7));
#904 = CARTESIAN_POINT('',(-1.5,-1.001019497952E-15));
#905 = ( GEOMETRIC_REPRESENTATION_CONTEXT(2) 
PARAMETRIC_REPRESENTATION_CONTEXT() REPRESENTATION_CONTEXT('2D SPACE',''
  ) );
#906 = ORIENTED_EDGE('',*,*,#673,.T.);
#907 = ORIENTED_EDGE('',*,*,#724,.T.);
#908 = ORIENTED_EDGE('',*,*,#909,.F.);
#909 = EDGE_CURVE('',#887,#725,#910,.T.);
#910 = SURFACE_CURVE('',#911,(#915,#921),.PCURVE_S1.);
#911 = LINE('',#912,#913);
#912 = CARTESIAN_POINT('',(-1.5,-16.80820112326,-1.));
#913 = VECTOR('',#914,1.);
#914 = DIRECTION('',(-0.,-0.,-1.));
#915 = PCURVE('',#686,#916);
#916 = DEFINITIONAL_REPRESENTATION('',(#917),#920);
#917 = B_SPLINE_CURVE_WITH_KNOTS('',1,(#918,#919),.UNSPECIFIED.,.F.,.F.,
  (2,2),(-31.0000006,-0.9999994),.PIECEWISE_BEZIER_KNOTS.);
#918 = CARTESIAN_POINT('',(16.808201123261,-31.0000006));
#919 = CARTESIAN_POINT('',(16.808201123261,-0.9999994));
#920 = ( GEOMETRIC_REPRESENTATION_CONTEXT(2) 
PARAMETRIC_REPRESENTATION_CONTEXT() REPRESENTATION_CONTEXT('2D SPACE',''
  ) );
#921 = PCURVE('',#762,#922);
#922 = DEFINITIONAL_REPRESENTATION('',(#923),#926);
#923 = B_SPLINE_CURVE_WITH_KNOTS('',1,(#924,#925),.UNSPECIFIED.,.F.,.F.,
  (2,2),(-31.,-1.),.PIECEWISE_BEZIER_KNOTS.);
#924 = CARTESIAN_POINT('',(-10.90656792518,-31.));
#925 = CARTESIAN_POINT('',(-10.90656792518,-1.));
#926 = ( GEOMETRIC_REPRESENTATION_CONTEXT(2) 
PARAMETRIC_REPRESENTATION_CONTEXT() REPRESENTATION_CONTEXT('2D SPACE',''
  ) );
#927 = ADVANCED_FACE('',(#928),#657,.T.);
#928 = FACE_BOUND('',#929,.T.);
#929 = EDGE_LOOP('',(#930,#960,#983,#1009,#1030,#1031,#1032,#1060));
#930 = ORIENTED_EDGE('',*,*,#931,.F.);
#931 = EDGE_CURVE('',#932,#934,#936,.T.);
#932 = VERTEX_POINT('',#933);
#933 = CARTESIAN_POINT('',(6.,21.892692844874,30.));
#934 = VERTEX_POINT('',#935);
#935 = CARTESIAN_POINT('',(1.5,-22.65038631017,30.));
#936 = SURFACE_CURVE('',#937,(#942,#953),.PCURVE_S1.);
#937 = CIRCLE('',#938,22.7);
#938 = AXIS2_PLACEMENT_3D('',#939,#940,#941);
#939 = CARTESIAN_POINT('',(0.,0.,30.));
#940 = DIRECTION('',(0.,0.,-1.));
#941 = DIRECTION('',(0.264317180617,0.964435808144,0.));
#942 = PCURVE('',#657,#943);
#943 = DEFINITIONAL_REPRESENTATION('',(#944),#952);
#944 = ( BOUNDED_CURVE() B_SPLINE_CURVE(2,(#945,#946,#947,#948,#949,#950
,#951),.UNSPECIFIED.,.T.,.F.) B_SPLINE_CURVE_WITH_KNOTS((1,2,2,2,2,1),(
    -2.094395102393,0.,2.094395102393,4.188790204786,6.28318530718,
8.377580409573),.UNSPECIFIED.) CURVE() GEOMETRIC_REPRESENTATION_ITEM() 
RATIONAL_B_SPLINE_CURVE((1.,0.5,1.,0.5,1.,0.5,1.)) REPRESENTATION_ITEM(
  '') );
#945 = CARTESIAN_POINT('',(6.,21.892692844874));
#946 = CARTESIAN_POINT('',(43.919256321822,11.50038799946));
#947 = CARTESIAN_POINT('',(15.959628160911,-16.14249884514));
#948 = CARTESIAN_POINT('',(-12.,-43.78538568974));
#949 = CARTESIAN_POINT('',(-21.95962816091,-5.75019399973));
#950 = CARTESIAN_POINT('',(-31.91925632182,32.284997690288));
#951 = CARTESIAN_POINT('',(6.,21.892692844874));
#952 = ( GEOMETRIC_REPRESENTATION_CONTEXT(2) 
PARAMETRIC_REPRESENTATION_CONTEXT() REPRESENTATION_CONTEXT('2D SPACE',''
  ) );
#953 = PCURVE('',#817,#954);
#954 = DEFINITIONAL_REPRESENTATION('',(#955),#959);
#955 = LINE('',#956,#957);
#956 = CARTESIAN_POINT('',(-7.586485779204,-30.));
#957 = VECTOR('',#958,1.);
#958 = DIRECTION('',(1.,-0.));
#959 = ( GEOMETRIC_REPRESENTATION_CONTEXT(2) 
PARAMETRIC_REPRESENTATION_CONTEXT() REPRESENTATION_CONTEXT('2D SPACE',''
  ) );
#960 = ORIENTED_EDGE('',*,*,#961,.T.);
#961 = EDGE_CURVE('',#932,#962,#964,.T.);
#962 = VERTEX_POINT('',#963);
#963 = CARTESIAN_POINT('',(6.,26.17339000965,30.));
#964 = SURFACE_CURVE('',#965,(#969,#976),.PCURVE_S1.);
#965 = LINE('',#966,#967);
#966 = CARTESIAN_POINT('',(6.,0.,30.));
#967 = VECTOR('',#968,1.);
#968 = DIRECTION('',(0.,1.,0.));
#969 = PCURVE('',#657,#970);
#970 = DEFINITIONAL_REPRESENTATION('',(#971),#975);
#971 = LINE('',#972,#973);
#972 = CARTESIAN_POINT('',(6.,-1.001019497952E-15));
#973 = VECTOR('',#974,1.);
#974 = DIRECTION('',(0.,1.));
#975 = ( GEOMETRIC_REPRESENTATION_CONTEXT(2) 
PARAMETRIC_REPRESENTATION_CONTEXT() REPRESENTATION_CONTEXT('2D SPACE',''
  ) );
#976 = PCURVE('',#845,#977);
#977 = DEFINITIONAL_REPRESENTATION('',(#978),#982);
#978 = LINE('',#979,#980);
#979 = CARTESIAN_POINT('',(0.,-30.));
#980 = VECTOR('',#981,1.);
#981 = DIRECTION('',(1.,0.));
#982 = ( GEOMETRIC_REPRESENTATION_CONTEXT(2) 
PARAMETRIC_REPRESENTATION_CONTEXT() REPRESENTATION_CONTEXT('2D SPACE',''
  ) );
#983 = ORIENTED_EDGE('',*,*,#984,.F.);
#984 = EDGE_CURVE('',#985,#962,#987,.T.);
#985 = VERTEX_POINT('',#986);
#986 = CARTESIAN_POINT('',(-6.,26.17339000965,30.));
#987 = SURFACE_CURVE('',#988,(#992,#998),.PCURVE_S1.);
#988 = LINE('',#989,#990);
#989 = CARTESIAN_POINT('',(3.,26.17339000965,30.));
#990 = VECTOR('',#991,1.);
#991 = DIRECTION('',(1.,0.,-0.));
#992 = PCURVE('',#657,#993);
#993 = DEFINITIONAL_REPRESENTATION('',(#994),#997);
#994 = B_SPLINE_CURVE_WITH_KNOTS('',1,(#995,#996),.UNSPECIFIED.,.F.,.F.,
  (2,2),(-9.,3.),.PIECEWISE_BEZIER_KNOTS.);
#995 = CARTESIAN_POINT('',(-6.,26.17339000965));
#996 = CARTESIAN_POINT('',(6.,26.17339000965));
#997 = ( GEOMETRIC_REPRESENTATION_CONTEXT(2) 
PARAMETRIC_REPRESENTATION_CONTEXT() REPRESENTATION_CONTEXT('2D SPACE',''
  ) );
#998 = PCURVE('',#999,#1004);
#999 = PLANE('',#1000);
#1000 = AXIS2_PLACEMENT_3D('',#1001,#1002,#1003);
#1001 = CARTESIAN_POINT('',(6.,25.66472381959,29.863703305156));
#1002 = DIRECTION('',(0.,-0.258819045103,0.965925826289));
#1003 = DIRECTION('',(-1.,0.,0.));
#1004 = DEFINITIONAL_REPRESENTATION('',(#1005),#1008);
#1005 = B_SPLINE_CURVE_WITH_KNOTS('',1,(#1006,#1007),.UNSPECIFIED.,.F.,
  .F.,(2,2),(-9.,3.),.PIECEWISE_BEZIER_KNOTS.);
#1006 = CARTESIAN_POINT('',(12.,-0.52660999035));
#1007 = CARTESIAN_POINT('',(0.,-0.52660999035));
#1008 = ( GEOMETRIC_REPRESENTATION_CONTEXT(2) 
PARAMETRIC_REPRESENTATION_CONTEXT() REPRESENTATION_CONTEXT('2D SPACE',''
  ) );
#1009 = ORIENTED_EDGE('',*,*,#1010,.T.);
#1010 = EDGE_CURVE('',#985,#619,#1011,.T.);
#1011 = SURFACE_CURVE('',#1012,(#1016,#1023),.PCURVE_S1.);
#1012 = LINE('',#1013,#1014);
#1013 = CARTESIAN_POINT('',(-6.,36.7,30.));
#1014 = VECTOR('',#1015,1.);
#1015 = DIRECTION('',(0.,-1.,0.));
#1016 = PCURVE('',#657,#1017);
#1017 = DEFINITIONAL_REPRESENTATION('',(#1018),#1022);
#1018 = LINE('',#1019,#1020);
#1019 = CARTESIAN_POINT('',(-6.,36.7));
#1020 = VECTOR('',#1021,1.);
#1021 = DIRECTION('',(0.,-1.));
#1022 = ( GEOMETRIC_REPRESENTATION_CONTEXT(2) 
PARAMETRIC_REPRESENTATION_CONTEXT() REPRESENTATION_CONTEXT('2D SPACE',''
  ) );
#1023 = PCURVE('',#72,#1024);
#1024 = DEFINITIONAL_REPRESENTATION('',(#1025),#1029);
#1025 = LINE('',#1026,#1027);
#1026 = CARTESIAN_POINT('',(0.,-30.));
#1027 = VECTOR('',#1028,1.);
#1028 = DIRECTION('',(1.,0.));
#1029 = ( GEOMETRIC_REPRESENTATION_CONTEXT(2) 
PARAMETRIC_REPRESENTATION_CONTEXT() REPRESENTATION_CONTEXT('2D SPACE',''
  ) );
#1030 = ORIENTED_EDGE('',*,*,#640,.F.);
#1031 = ORIENTED_EDGE('',*,*,#886,.T.);
#1032 = ORIENTED_EDGE('',*,*,#1033,.T.);
#1033 = EDGE_CURVE('',#887,#1034,#1036,.T.);
#1034 = VERTEX_POINT('',#1035);
#1035 = CARTESIAN_POINT('',(1.5,-16.80820112326,30.));
#1036 = SURFACE_CURVE('',#1037,(#1042,#1053),.PCURVE_S1.);
#1037 = CIRCLE('',#1038,16.875);
#1038 = AXIS2_PLACEMENT_3D('',#1039,#1040,#1041);
#1039 = CARTESIAN_POINT('',(0.,0.,30.));
#1040 = DIRECTION('',(-0.,0.,-1.));
#1041 = DIRECTION('',(-8.888888888889E-02,-0.996041548045,0.));
#1042 = PCURVE('',#657,#1043);
#1043 = DEFINITIONAL_REPRESENTATION('',(#1044),#1052);
#1044 = ( BOUNDED_CURVE() B_SPLINE_CURVE(2,(#1045,#1046,#1047,#1048,
#1049,#1050,#1051),.UNSPECIFIED.,.T.,.F.) B_SPLINE_CURVE_WITH_KNOTS((1,2
    ,2,2,2,1),(-2.094395102393,0.,2.094395102393,4.188790204786,
6.28318530718,8.377580409573),.UNSPECIFIED.) CURVE() 
GEOMETRIC_REPRESENTATION_ITEM() RATIONAL_B_SPLINE_CURVE((1.,0.5,1.,0.5,
1.,0.5,1.)) REPRESENTATION_ITEM('') );
#1045 = CARTESIAN_POINT('',(-1.5,-16.80820112326));
#1046 = CARTESIAN_POINT('',(-30.61265832932,-14.2101249119));
#1047 = CARTESIAN_POINT('',(-13.80632916466,9.703138667307));
#1048 = CARTESIAN_POINT('',(3.,33.616402246522));
#1049 = CARTESIAN_POINT('',(15.306329164662,7.105062455954));
#1050 = CARTESIAN_POINT('',(27.612658329325,-19.40627733461));
#1051 = CARTESIAN_POINT('',(-1.5,-16.80820112326));
#1052 = ( GEOMETRIC_REPRESENTATION_CONTEXT(2) 
PARAMETRIC_REPRESENTATION_CONTEXT() REPRESENTATION_CONTEXT('2D SPACE',''
  ) );
#1053 = PCURVE('',#762,#1054);
#1054 = DEFINITIONAL_REPRESENTATION('',(#1055),#1059);
#1055 = LINE('',#1056,#1057);
#1056 = CARTESIAN_POINT('',(-10.90656792518,-31.));
#1057 = VECTOR('',#1058,1.);
#1058 = DIRECTION('',(1.,-0.));
#1059 = ( GEOMETRIC_REPRESENTATION_CONTEXT(2) 
PARAMETRIC_REPRESENTATION_CONTEXT() REPRESENTATION_CONTEXT('2D SPACE',''
  ) );
#1060 = ORIENTED_EDGE('',*,*,#1061,.T.);
#1061 = EDGE_CURVE('',#1034,#934,#1062,.T.);
#1062 = SURFACE_CURVE('',#1063,(#1067,#1073),.PCURVE_S1.);
#1063 = LINE('',#1064,#1065);
#1064 = CARTESIAN_POINT('',(1.5,-16.7,30.));
#1065 = VECTOR('',#1066,1.);
#1066 = DIRECTION('',(0.,-1.,0.));
#1067 = PCURVE('',#657,#1068);
#1068 = DEFINITIONAL_REPRESENTATION('',(#1069),#1072);
#1069 = B_SPLINE_CURVE_WITH_KNOTS('',1,(#1070,#1071),.UNSPECIFIED.,.F.,
  .F.,(2,2),(-16.7,6.),.PIECEWISE_BEZIER_KNOTS.);
#1070 = CARTESIAN_POINT('',(1.5,0.));
#1071 = CARTESIAN_POINT('',(1.5,-22.7));
#1072 = ( GEOMETRIC_REPRESENTATION_CONTEXT(2) 
PARAMETRIC_REPRESENTATION_CONTEXT() REPRESENTATION_CONTEXT('2D SPACE',''
  ) );
#1073 = PCURVE('',#789,#1074);
#1074 = DEFINITIONAL_REPRESENTATION('',(#1075),#1078);
#1075 = B_SPLINE_CURVE_WITH_KNOTS('',1,(#1076,#1077),.UNSPECIFIED.,.F.,
  .F.,(2,2),(-16.7,6.),.PIECEWISE_BEZIER_KNOTS.);
#1076 = CARTESIAN_POINT('',(33.4,-31.));
#1077 = CARTESIAN_POINT('',(10.7,-31.));
#1078 = ( GEOMETRIC_REPRESENTATION_CONTEXT(2) 
PARAMETRIC_REPRESENTATION_CONTEXT() REPRESENTATION_CONTEXT('2D SPACE',''
  ) );
#1079 = ADVANCED_FACE('',(#1080),#72,.F.);
#1080 = FACE_BOUND('',#1081,.F.);
#1081 = EDGE_LOOP('',(#1082,#1083,#1106,#1134,#1162,#1183,#1184,#1185,
    #1213,#1239,#1240,#1268,#1294));
#1082 = ORIENTED_EDGE('',*,*,#700,.F.);
#1083 = ORIENTED_EDGE('',*,*,#1084,.T.);
#1084 = EDGE_CURVE('',#701,#1085,#1087,.T.);
#1085 = VERTEX_POINT('',#1086);
#1086 = CARTESIAN_POINT('',(-6.,36.7,24.538387202671));
#1087 = SURFACE_CURVE('',#1088,(#1092,#1099),.PCURVE_S1.);
#1088 = LINE('',#1089,#1090);
#1089 = CARTESIAN_POINT('',(-6.,36.7,0.));
#1090 = VECTOR('',#1091,1.);
#1091 = DIRECTION('',(0.,0.,1.));
#1092 = PCURVE('',#72,#1093);
#1093 = DEFINITIONAL_REPRESENTATION('',(#1094),#1098);
#1094 = LINE('',#1095,#1096);
#1095 = CARTESIAN_POINT('',(0.,0.));
#1096 = VECTOR('',#1097,1.);
#1097 = DIRECTION('',(0.,-1.));
#1098 = ( GEOMETRIC_REPRESENTATION_CONTEXT(2) 
PARAMETRIC_REPRESENTATION_CONTEXT() REPRESENTATION_CONTEXT('2D SPACE',''
  ) );
#1099 = PCURVE('',#871,#1100);
#1100 = DEFINITIONAL_REPRESENTATION('',(#1101),#1105);
#1101 = LINE('',#1102,#1103);
#1102 = CARTESIAN_POINT('',(12.,0.));
#1103 = VECTOR('',#1104,1.);
#1104 = DIRECTION('',(0.,-1.));
#1105 = ( GEOMETRIC_REPRESENTATION_CONTEXT(2) 
PARAMETRIC_REPRESENTATION_CONTEXT() REPRESENTATION_CONTEXT('2D SPACE',''
  ) );
#1106 = ORIENTED_EDGE('',*,*,#1107,.T.);
#1107 = EDGE_CURVE('',#1085,#1108,#1110,.T.);
#1108 = VERTEX_POINT('',#1109);
#1109 = CARTESIAN_POINT('',(-6.,114.66860054642,45.430010754071));
#1110 = SURFACE_CURVE('',#1111,(#1115,#1122),.PCURVE_S1.);
#1111 = LINE('',#1112,#1113);
#1112 = CARTESIAN_POINT('',(-6.,27.73527618041,22.136296694844));
#1113 = VECTOR('',#1114,1.);
#1114 = DIRECTION('',(0.,0.965925826289,0.258819045103));
#1115 = PCURVE('',#72,#1116);
#1116 = DEFINITIONAL_REPRESENTATION('',(#1117),#1121);
#1117 = LINE('',#1118,#1119);
#1118 = CARTESIAN_POINT('',(8.96472381959,-22.13629669484));
#1119 = VECTOR('',#1120,1.);
#1120 = DIRECTION('',(-0.965925826289,-0.258819045103));
#1121 = ( GEOMETRIC_REPRESENTATION_CONTEXT(2) 
PARAMETRIC_REPRESENTATION_CONTEXT() REPRESENTATION_CONTEXT('2D SPACE',''
  ) );
#1122 = PCURVE('',#1123,#1128);
#1123 = PLANE('',#1124);
#1124 = AXIS2_PLACEMENT_3D('',#1125,#1126,#1127);
#1125 = CARTESIAN_POINT('',(-6.,27.73527618041,22.136296694844));
#1126 = DIRECTION('',(0.,0.258819045103,-0.965925826289));
#1127 = DIRECTION('',(1.,0.,0.));
#1128 = DEFINITIONAL_REPRESENTATION('',(#1129),#1133);
#1129 = LINE('',#1130,#1131);
#1130 = CARTESIAN_POINT('',(0.,0.));
#1131 = VECTOR('',#1132,1.);
#1132 = DIRECTION('',(0.,-1.));
#1133 = ( GEOMETRIC_REPRESENTATION_CONTEXT(2) 
PARAMETRIC_REPRESENTATION_CONTEXT() REPRESENTATION_CONTEXT('2D SPACE',''
  ) );
#1134 = ORIENTED_EDGE('',*,*,#1135,.F.);
#1135 = EDGE_CURVE('',#1136,#1108,#1138,.T.);
#1136 = VERTEX_POINT('',#1137);
#1137 = CARTESIAN_POINT('',(-6.,112.5980481856,53.157417364383));
#1138 = SURFACE_CURVE('',#1139,(#1143,#1150),.PCURVE_S1.);
#1139 = LINE('',#1140,#1141);
#1140 = CARTESIAN_POINT('',(-6.,112.5980481856,53.157417364383));
#1141 = VECTOR('',#1142,1.);
#1142 = DIRECTION('',(0.,0.258819045103,-0.965925826289));
#1143 = PCURVE('',#72,#1144);
#1144 = DEFINITIONAL_REPRESENTATION('',(#1145),#1149);
#1145 = LINE('',#1146,#1147);
#1146 = CARTESIAN_POINT('',(-75.8980481856,-53.15741736438));
#1147 = VECTOR('',#1148,1.);
#1148 = DIRECTION('',(-0.258819045103,0.965925826289));
#1149 = ( GEOMETRIC_REPRESENTATION_CONTEXT(2) 
PARAMETRIC_REPRESENTATION_CONTEXT() REPRESENTATION_CONTEXT('2D SPACE',''
  ) );
#1150 = PCURVE('',#1151,#1156);
#1151 = PLANE('',#1152);
#1152 = AXIS2_PLACEMENT_3D('',#1153,#1154,#1155);
#1153 = CARTESIAN_POINT('',(0.,113.63332436601,49.293714059227));
#1154 = DIRECTION('',(-0.,-0.965925826289,-0.258819045103));
#1155 = DIRECTION('',(0.,0.258819045103,-0.965925826289));
#1156 = DEFINITIONAL_REPRESENTATION('',(#1157),#1161);
#1157 = LINE('',#1158,#1159);
#1158 = CARTESIAN_POINT('',(-4.,-6.));
#1159 = VECTOR('',#1160,1.);
#1160 = DIRECTION('',(1.,0.));
#1161 = ( GEOMETRIC_REPRESENTATION_CONTEXT(2) 
PARAMETRIC_REPRESENTATION_CONTEXT() REPRESENTATION_CONTEXT('2D SPACE',''
  ) );
#1162 = ORIENTED_EDGE('',*,*,#1163,.F.);
#1163 = EDGE_CURVE('',#985,#1136,#1164,.T.);
#1164 = SURFACE_CURVE('',#1165,(#1169,#1176),.PCURVE_S1.);
#1165 = LINE('',#1166,#1167);
#1166 = CARTESIAN_POINT('',(-6.,25.66472381959,29.863703305156));
#1167 = VECTOR('',#1168,1.);
#1168 = DIRECTION('',(0.,0.965925826289,0.258819045103));
#1169 = PCURVE('',#72,#1170);
#1170 = DEFINITIONAL_REPRESENTATION('',(#1171),#1175);
#1171 = LINE('',#1172,#1173);
#1172 = CARTESIAN_POINT('',(11.03527618041,-29.86370330515));
#1173 = VECTOR('',#1174,1.);
#1174 = DIRECTION('',(-0.965925826289,-0.258819045103));
#1175 = ( GEOMETRIC_REPRESENTATION_CONTEXT(2) 
PARAMETRIC_REPRESENTATION_CONTEXT() REPRESENTATION_CONTEXT('2D SPACE',''
  ) );
#1176 = PCURVE('',#999,#1177);
#1177 = DEFINITIONAL_REPRESENTATION('',(#1178),#1182);
#1178 = LINE('',#1179,#1180);
#1179 = CARTESIAN_POINT('',(12.,-0.));
#1180 = VECTOR('',#1181,1.);
#1181 = DIRECTION('',(0.,-1.));
#1182 = ( GEOMETRIC_REPRESENTATION_CONTEXT(2) 
PARAMETRIC_REPRESENTATION_CONTEXT() REPRESENTATION_CONTEXT('2D SPACE',''
  ) );
#1183 = ORIENTED_EDGE('',*,*,#1010,.T.);
#1184 = ORIENTED_EDGE('',*,*,#618,.T.);
#1185 = ORIENTED_EDGE('',*,*,#1186,.T.);
#1186 = EDGE_CURVE('',#363,#1187,#1189,.T.);
#1187 = VERTEX_POINT('',#1188);
#1188 = CARTESIAN_POINT('',(-6.,23.05,22.));
#1189 = SURFACE_CURVE('',#1190,(#1195,#1206),.PCURVE_S1.);
#1190 = CIRCLE('',#1191,2.7);
#1191 = AXIS2_PLACEMENT_3D('',#1192,#1193,#1194);
#1192 = CARTESIAN_POINT('',(-6.,20.35,22.));
#1193 = DIRECTION('',(-1.,0.,0.));
#1194 = DIRECTION('',(0.,1.,0.));
#1195 = PCURVE('',#72,#1196);
#1196 = DEFINITIONAL_REPRESENTATION('',(#1197),#1205);
#1197 = ( BOUNDED_CURVE() B_SPLINE_CURVE(2,(#1198,#1199,#1200,#1201,
#1202,#1203,#1204),.UNSPECIFIED.,.T.,.F.) B_SPLINE_CURVE_WITH_KNOTS((1,2
    ,2,2,2,1),(-2.094395102393,0.,2.094395102393,4.188790204786,
6.28318530718,8.377580409573),.UNSPECIFIED.) CURVE() 
GEOMETRIC_REPRESENTATION_ITEM() RATIONAL_B_SPLINE_CURVE((1.,0.5,1.,0.5,
1.,0.5,1.)) REPRESENTATION_ITEM('') );
#1198 = CARTESIAN_POINT('',(13.65,-22.));
#1199 = CARTESIAN_POINT('',(13.65,-17.32346281956));
#1200 = CARTESIAN_POINT('',(17.7,-19.66173140978));
#1201 = CARTESIAN_POINT('',(21.75,-22.));
#1202 = CARTESIAN_POINT('',(17.7,-24.33826859021));
#1203 = CARTESIAN_POINT('',(13.65,-26.67653718043));
#1204 = CARTESIAN_POINT('',(13.65,-22.));
#1205 = ( GEOMETRIC_REPRESENTATION_CONTEXT(2) 
PARAMETRIC_REPRESENTATION_CONTEXT() REPRESENTATION_CONTEXT('2D SPACE',''
  ) );
#1206 = PCURVE('',#530,#1207);
#1207 = DEFINITIONAL_REPRESENTATION('',(#1208),#1212);
#1208 = LINE('',#1209,#1210);
#1209 = CARTESIAN_POINT('',(-6.28318530718,-14.));
#1210 = VECTOR('',#1211,1.);
#1211 = DIRECTION('',(1.,-0.));
#1212 = ( GEOMETRIC_REPRESENTATION_CONTEXT(2) 
PARAMETRIC_REPRESENTATION_CONTEXT() REPRESENTATION_CONTEXT('2D SPACE',''
  ) );
#1213 = ORIENTED_EDGE('',*,*,#1214,.T.);
#1214 = EDGE_CURVE('',#1187,#341,#1215,.T.);
#1215 = SURFACE_CURVE('',#1216,(#1221,#1232),.PCURVE_S1.);
#1216 = CIRCLE('',#1217,2.7);
#1217 = AXIS2_PLACEMENT_3D('',#1218,#1219,#1220);
#1218 = CARTESIAN_POINT('',(-6.,20.35,22.));
#1219 = DIRECTION('',(-1.,0.,0.));
#1220 = DIRECTION('',(0.,1.,0.));
#1221 = PCURVE('',#72,#1222);
#1222 = DEFINITIONAL_REPRESENTATION('',(#1223),#1231);
#1223 = ( BOUNDED_CURVE() B_SPLINE_CURVE(2,(#1224,#1225,#1226,#1227,
#1228,#1229,#1230),.UNSPECIFIED.,.T.,.F.) B_SPLINE_CURVE_WITH_KNOTS((1,2
    ,2,2,2,1),(-2.094395102393,0.,2.094395102393,4.188790204786,
6.28318530718,8.377580409573),.UNSPECIFIED.) CURVE() 
GEOMETRIC_REPRESENTATION_ITEM() RATIONAL_B_SPLINE_CURVE((1.,0.5,1.,0.5,
1.,0.5,1.)) REPRESENTATION_ITEM('') );
#1224 = CARTESIAN_POINT('',(13.65,-22.));
#1225 = CARTESIAN_POINT('',(13.65,-17.32346281956));
#1226 = CARTESIAN_POINT('',(17.7,-19.66173140978));
#1227 = CARTESIAN_POINT('',(21.75,-22.));
#1228 = CARTESIAN_POINT('',(17.7,-24.33826859021));
#1229 = CARTESIAN_POINT('',(13.65,-26.67653718043));
#1230 = CARTESIAN_POINT('',(13.65,-22.));
#1231 = ( GEOMETRIC_REPRESENTATION_CONTEXT(2) 
PARAMETRIC_REPRESENTATION_CONTEXT() REPRESENTATION_CONTEXT('2D SPACE',''
  ) );
#1232 = PCURVE('',#530,#1233);
#1233 = DEFINITIONAL_REPRESENTATION('',(#1234),#1238);
#1234 = LINE('',#1235,#1236);
#1235 = CARTESIAN_POINT('',(-6.28318530718,-14.));
#1236 = VECTOR('',#1237,1.);
#1237 = DIRECTION('',(1.,-0.));
#1238 = ( GEOMETRIC_REPRESENTATION_CONTEXT(2) 
PARAMETRIC_REPRESENTATION_CONTEXT() REPRESENTATION_CONTEXT('2D SPACE',''
  ) );
#1239 = ORIENTED_EDGE('',*,*,#340,.T.);
#1240 = ORIENTED_EDGE('',*,*,#1241,.T.);
#1241 = EDGE_CURVE('',#85,#1242,#1244,.T.);
#1242 = VERTEX_POINT('',#1243);
#1243 = CARTESIAN_POINT('',(-6.,23.05,8.));
#1244 = SURFACE_CURVE('',#1245,(#1250,#1261),.PCURVE_S1.);
#1245 = CIRCLE('',#1246,2.7);
#1246 = AXIS2_PLACEMENT_3D('',#1247,#1248,#1249);
#1247 = CARTESIAN_POINT('',(-6.,20.35,8.));
#1248 = DIRECTION('',(-1.,0.,0.));
#1249 = DIRECTION('',(0.,1.,0.));
#1250 = PCURVE('',#72,#1251);
#1251 = DEFINITIONAL_REPRESENTATION('',(#1252),#1260);
#1252 = ( BOUNDED_CURVE() B_SPLINE_CURVE(2,(#1253,#1254,#1255,#1256,
#1257,#1258,#1259),.UNSPECIFIED.,.T.,.F.) B_SPLINE_CURVE_WITH_KNOTS((1,2
    ,2,2,2,1),(-2.094395102393,0.,2.094395102393,4.188790204786,
6.28318530718,8.377580409573),.UNSPECIFIED.) CURVE() 
GEOMETRIC_REPRESENTATION_ITEM() RATIONAL_B_SPLINE_CURVE((1.,0.5,1.,0.5,
1.,0.5,1.)) REPRESENTATION_ITEM('') );
#1253 = CARTESIAN_POINT('',(13.65,-8.));
#1254 = CARTESIAN_POINT('',(13.65,-3.323462819564));
#1255 = CARTESIAN_POINT('',(17.7,-5.661731409782));
#1256 = CARTESIAN_POINT('',(21.75,-8.));
#1257 = CARTESIAN_POINT('',(17.7,-10.33826859021));
#1258 = CARTESIAN_POINT('',(13.65,-12.67653718043));
#1259 = CARTESIAN_POINT('',(13.65,-8.));
#1260 = ( GEOMETRIC_REPRESENTATION_CONTEXT(2) 
PARAMETRIC_REPRESENTATION_CONTEXT() REPRESENTATION_CONTEXT('2D SPACE',''
  ) );
#1261 = PCURVE('',#252,#1262);
#1262 = DEFINITIONAL_REPRESENTATION('',(#1263),#1267);
#1263 = LINE('',#1264,#1265);
#1264 = CARTESIAN_POINT('',(-6.28318530718,-14.));
#1265 = VECTOR('',#1266,1.);
#1266 = DIRECTION('',(1.,-0.));
#1267 = ( GEOMETRIC_REPRESENTATION_CONTEXT(2) 
PARAMETRIC_REPRESENTATION_CONTEXT() REPRESENTATION_CONTEXT('2D SPACE',''
  ) );
#1268 = ORIENTED_EDGE('',*,*,#1269,.T.);
#1269 = EDGE_CURVE('',#1242,#58,#1270,.T.);
#1270 = SURFACE_CURVE('',#1271,(#1276,#1287),.PCURVE_S1.);
#1271 = CIRCLE('',#1272,2.7);
#1272 = AXIS2_PLACEMENT_3D('',#1273,#1274,#1275);
#1273 = CARTESIAN_POINT('',(-6.,20.35,8.));
#1274 = DIRECTION('',(-1.,0.,0.));
#1275 = DIRECTION('',(0.,1.,0.));
#1276 = PCURVE('',#72,#1277);
#1277 = DEFINITIONAL_REPRESENTATION('',(#1278),#1286);
#1278 = ( BOUNDED_CURVE() B_SPLINE_CURVE(2,(#1279,#1280,#1281,#1282,
#1283,#1284,#1285),.UNSPECIFIED.,.T.,.F.) B_SPLINE_CURVE_WITH_KNOTS((1,2
    ,2,2,2,1),(-2.094395102393,0.,2.094395102393,4.188790204786,
6.28318530718,8.377580409573),.UNSPECIFIED.) CURVE() 
GEOMETRIC_REPRESENTATION_ITEM() RATIONAL_B_SPLINE_CURVE((1.,0.5,1.,0.5,
1.,0.5,1.)) REPRESENTATION_ITEM('') );
#1279 = CARTESIAN_POINT('',(13.65,-8.));
#1280 = CARTESIAN_POINT('',(13.65,-3.323462819564));
#1281 = CARTESIAN_POINT('',(17.7,-5.661731409782));
#1282 = CARTESIAN_POINT('',(21.75,-8.));
#1283 = CARTESIAN_POINT('',(17.7,-10.33826859021));
#1284 = CARTESIAN_POINT('',(13.65,-12.67653718043));
#1285 = CARTESIAN_POINT('',(13.65,-8.));
#1286 = ( GEOMETRIC_REPRESENTATION_CONTEXT(2) 
PARAMETRIC_REPRESENTATION_CONTEXT() REPRESENTATION_CONTEXT('2D SPACE',''
  ) );
#1287 = PCURVE('',#252,#1288);
#1288 = DEFINITIONAL_REPRESENTATION('',(#1289),#1293);
#1289 = LINE('',#1290,#1291);
#1290 = CARTESIAN_POINT('',(-6.28318530718,-14.));
#1291 = VECTOR('',#1292,1.);
#1292 = DIRECTION('',(1.,-0.));
#1293 = ( GEOMETRIC_REPRESENTATION_CONTEXT(2) 
PARAMETRIC_REPRESENTATION_CONTEXT() REPRESENTATION_CONTEXT('2D SPACE',''
  ) );
#1294 = ORIENTED_EDGE('',*,*,#57,.T.);
#1295 = ADVANCED_FACE('',(#1296),#530,.F.);
#1296 = FACE_BOUND('',#1297,.T.);
#1297 = EDGE_LOOP('',(#1298,#1299,#1322,#1346,#1597,#1619,#1620,#1621));
#1298 = ORIENTED_EDGE('',*,*,#1186,.T.);
#1299 = ORIENTED_EDGE('',*,*,#1300,.T.);
#1300 = EDGE_CURVE('',#1187,#1301,#1303,.T.);
#1301 = VERTEX_POINT('',#1302);
#1302 = CARTESIAN_POINT('',(6.,23.05,22.));
#1303 = SEAM_CURVE('',#1304,(#1308,#1315),.PCURVE_S1.);
#1304 = LINE('',#1305,#1306);
#1305 = CARTESIAN_POINT('',(-20.,23.05,22.));
#1306 = VECTOR('',#1307,1.);
#1307 = DIRECTION('',(1.,0.,0.));
#1308 = PCURVE('',#530,#1309);
#1309 = DEFINITIONAL_REPRESENTATION('',(#1310),#1314);
#1310 = LINE('',#1311,#1312);
#1311 = CARTESIAN_POINT('',(-6.28318530718,0.));
#1312 = VECTOR('',#1313,1.);
#1313 = DIRECTION('',(-0.,-1.));
#1314 = ( GEOMETRIC_REPRESENTATION_CONTEXT(2) 
PARAMETRIC_REPRESENTATION_CONTEXT() REPRESENTATION_CONTEXT('2D SPACE',''
  ) );
#1315 = PCURVE('',#530,#1316);
#1316 = DEFINITIONAL_REPRESENTATION('',(#1317),#1321);
#1317 = LINE('',#1318,#1319);
#1318 = CARTESIAN_POINT('',(-0.,0.));
#1319 = VECTOR('',#1320,1.);
#1320 = DIRECTION('',(-0.,-1.));
#1321 = ( GEOMETRIC_REPRESENTATION_CONTEXT(2) 
PARAMETRIC_REPRESENTATION_CONTEXT() REPRESENTATION_CONTEXT('2D SPACE',''
  ) );
#1322 = ORIENTED_EDGE('',*,*,#1323,.F.);
#1323 = EDGE_CURVE('',#1324,#1301,#1326,.T.);
#1324 = VERTEX_POINT('',#1325);
#1325 = CARTESIAN_POINT('',(6.,21.892692844874,24.215874271337));
#1326 = SURFACE_CURVE('',#1327,(#1332,#1339),.PCURVE_S1.);
#1327 = CIRCLE('',#1328,2.7);
#1328 = AXIS2_PLACEMENT_3D('',#1329,#1330,#1331);
#1329 = CARTESIAN_POINT('',(6.,20.35,22.));
#1330 = DIRECTION('',(-1.,0.,0.));
#1331 = DIRECTION('',(0.,1.,0.));
#1332 = PCURVE('',#530,#1333);
#1333 = DEFINITIONAL_REPRESENTATION('',(#1334),#1338);
#1334 = LINE('',#1335,#1336);
#1335 = CARTESIAN_POINT('',(-6.28318530718,-26.));
#1336 = VECTOR('',#1337,1.);
#1337 = DIRECTION('',(1.,-0.));
#1338 = ( GEOMETRIC_REPRESENTATION_CONTEXT(2) 
PARAMETRIC_REPRESENTATION_CONTEXT() REPRESENTATION_CONTEXT('2D SPACE',''
  ) );
#1339 = PCURVE('',#845,#1340);
#1340 = DEFINITIONAL_REPRESENTATION('',(#1341),#1345);
#1341 = CIRCLE('',#1342,2.7);
#1342 = AXIS2_PLACEMENT_2D('',#1343,#1344);
#1343 = CARTESIAN_POINT('',(20.35,-22.));
#1344 = DIRECTION('',(1.,0.));
#1345 = ( GEOMETRIC_REPRESENTATION_CONTEXT(2) 
PARAMETRIC_REPRESENTATION_CONTEXT() REPRESENTATION_CONTEXT('2D SPACE',''
  ) );
#1346 = ORIENTED_EDGE('',*,*,#1347,.T.);
#1347 = EDGE_CURVE('',#1324,#1348,#1350,.T.);
#1348 = VERTEX_POINT('',#1349);
#1349 = CARTESIAN_POINT('',(6.,21.892692844874,19.784125728663));
#1350 = SURFACE_CURVE('',#1351,(#1431,#1514),.PCURVE_S1.);
#1351 = B_SPLINE_CURVE_WITH_KNOTS('',8,(#1352,#1353,#1354,#1355,#1356,
    #1357,#1358,#1359,#1360,#1361,#1362,#1363,#1364,#1365,#1366,#1367,
    #1368,#1369,#1370,#1371,#1372,#1373,#1374,#1375,#1376,#1377,#1378,
    #1379,#1380,#1381,#1382,#1383,#1384,#1385,#1386,#1387,#1388,#1389,
    #1390,#1391,#1392,#1393,#1394,#1395,#1396,#1397,#1398,#1399,#1400,
    #1401,#1402,#1403,#1404,#1405,#1406,#1407,#1408,#1409,#1410,#1411,
    #1412,#1413,#1414,#1415,#1416,#1417,#1418,#1419,#1420,#1421,#1422,
    #1423,#1424,#1425,#1426,#1427,#1428,#1429,#1430),.UNSPECIFIED.,.F.,
  .F.,(9,7,7,7,7,7,7,7,7,7,7,9),(0.,0.245777047625,0.393786300829,
    0.434346490765,0.468835336763,0.499840543842,0.532904744511,
    0.572792246453,0.623288666716,0.705021491206,0.844852104874,1.),
  .UNSPECIFIED.);
#1352 = CARTESIAN_POINT('',(6.,21.892692844874,24.215874271337));
#1353 = CARTESIAN_POINT('',(6.613318425609,21.724604315074,
    24.33289759508));
#1354 = CARTESIAN_POINT('',(7.218754540457,21.537564721835,
    24.441478277262));
#1355 = CARTESIAN_POINT('',(7.822864852494,21.330077227767,
    24.538701359574));
#1356 = CARTESIAN_POINT('',(8.42772053723,21.100524293804,
    24.620859810011));
#1357 = CARTESIAN_POINT('',(9.032979688969,20.847844474514,
    24.682816610227));
#1358 = CARTESIAN_POINT('',(9.636272819336,20.571733724334,
    24.717933772806));
#1359 = CARTESIAN_POINT('',(10.232987619165,20.273511996179,
    24.717726052945));
#1360 = CARTESIAN_POINT('',(11.166664506523,19.767522036505,
    24.643419898764));
#1361 = CARTESIAN_POINT('',(11.513829626219,19.570258172041,
    24.59864306336));
#1362 = CARTESIAN_POINT('',(11.8565415999,19.366280913383,
    24.534353732837));
#1363 = CARTESIAN_POINT('',(12.193042027106,19.156612826508,
    24.44726109327));
#1364 = CARTESIAN_POINT('',(12.52035671377,18.943291178865,
    24.333498536095));
#1365 = CARTESIAN_POINT('',(12.834272131365,18.72965856959,
    24.188656332249));
#1366 = CARTESIAN_POINT('',(13.129043494026,18.521005200044,
    24.00793128628));
#1367 = CARTESIAN_POINT('',(13.46926463217,18.27230492102,23.72618577953
    ));
#1368 = CARTESIAN_POINT('',(13.540321274485,18.21985046618,
    23.662582419739));
#1369 = CARTESIAN_POINT('',(13.609010343453,18.168660111076,
    23.595948664329));
#1370 = CARTESIAN_POINT('',(13.675088791612,18.118966534875,
    23.526270926696));
#1371 = CARTESIAN_POINT('',(13.738314626375,18.071009335196,
    23.453551089806));
#1372 = CARTESIAN_POINT('',(13.798446383763,18.025033839132,
    23.377806707525));
#1373 = CARTESIAN_POINT('',(13.855242602144,17.981289914277,
    23.299071205944));
#1374 = CARTESIAN_POINT('',(13.953713829022,17.904947612271,
    23.147942988425));
#1375 = CARTESIAN_POINT('',(13.996376891311,17.87166311543,
    23.076368871136));
#1376 = CARTESIAN_POINT('',(14.036259858643,17.840365332853,
    23.00276714712));
#1377 = CARTESIAN_POINT('',(14.073187411289,17.811232675985,
    22.927247609157));
#1378 = CARTESIAN_POINT('',(14.10699904187,17.784432507933,
    22.849934319554));
#1379 = CARTESIAN_POINT('',(14.13754856322,17.760119727317,
    22.770965501165));
#1380 = CARTESIAN_POINT('',(14.164703616268,17.738435352112,
    22.690493428426));
#1381 = CARTESIAN_POINT('',(14.209598759837,17.702486955695,
    22.535138558164));
#1382 = CARTESIAN_POINT('',(14.228008473023,17.687698045402,
    22.460526631927));
#1383 = CARTESIAN_POINT('',(14.243478642909,17.675237469683,
    22.385012236938));
#1384 = CARTESIAN_POINT('',(14.255932695754,17.66518575975,
    22.30876453754));
#1385 = CARTESIAN_POINT('',(14.265312991102,17.657604373863,
    22.23195789139));
#1386 = CARTESIAN_POINT('',(14.271580654252,17.652535190248,
    22.154771575715));
#1387 = CARTESIAN_POINT('',(14.274715408722,17.65,22.077389513553));
#1388 = CARTESIAN_POINT('',(14.274715408722,17.65,21.917471204137));
#1389 = CARTESIAN_POINT('',(14.2711507152,17.652882871313,
    21.834956089603));
#1390 = CARTESIAN_POINT('',(14.264023558709,17.65864723282,
    21.752677741487));
#1391 = CARTESIAN_POINT('',(14.253360248845,17.667264797634,
    21.670857724619));
#1392 = CARTESIAN_POINT('',(14.239211084832,17.678681375851,
    21.589713494897));
#1393 = CARTESIAN_POINT('',(14.221650266107,17.692817877303,
    21.509455810611));
#1394 = CARTESIAN_POINT('',(14.200775802906,17.709571314305,
    21.430286143775));
#1395 = CARTESIAN_POINT('',(14.147676587633,17.752031688084,
    21.258427828064));
#1396 = CARTESIAN_POINT('',(14.114011365498,17.778862706854,
    21.166362939781));
#1397 = CARTESIAN_POINT('',(14.075906188256,17.809105823677,
    21.076434685614));
#1398 = CARTESIAN_POINT('',(14.033573100571,17.842534886358,
    20.988853817905));
#1399 = CARTESIAN_POINT('',(13.987244735407,17.878903403964,
    20.903806439598));
#1400 = CARTESIAN_POINT('',(13.937175285487,17.917947323228,
    20.821453861511));
#1401 = CARTESIAN_POINT('',(13.88364147474,17.959387804961,
    20.74193245961));
#1402 = CARTESIAN_POINT('',(13.755165576306,18.058062220617,
    20.568406831953));
#1403 = CARTESIAN_POINT('',(13.678318766661,18.116563760169,
    20.476178674198));
#1404 = CARTESIAN_POINT('',(13.596857921526,18.177966358205,
    20.388685030653));
#1405 = CARTESIAN_POINT('',(13.511218707547,18.24182327376,20.3059073647
    ));
#1406 = CARTESIAN_POINT('',(13.421822341219,18.307712271265,
    20.227796767654));
#1407 = CARTESIAN_POINT('',(13.329080292796,18.37523460599,
    20.154278094956));
#1408 = CARTESIAN_POINT('',(13.233398990195,18.444014009494,
    20.085254102367));
#1409 = CARTESIAN_POINT('',(12.976215911372,18.626481478755,
    19.915976833999));
#1410 = CARTESIAN_POINT('',(12.810486905243,18.741718611474,
    19.822735215537));
#1411 = CARTESIAN_POINT('',(12.63918562664,18.858271346713,
    19.740091039322));
#1412 = CARTESIAN_POINT('',(12.463304864556,18.975238939664,
    19.667263371333));
#1413 = CARTESIAN_POINT('',(12.283667161675,19.091917681595,
    19.603496651908));
#1414 = CARTESIAN_POINT('',(12.100948846203,19.207765283447,
    19.548072233836));
#1415 = CARTESIAN_POINT('',(11.915703008705,19.32236758868,
    19.500318837607));
#1416 = CARTESIAN_POINT('',(11.407906849472,19.628799393918,
    19.389996599308));
#1417 = CARTESIAN_POINT('',(11.080647397941,19.81804707202,
    19.340869445314));
#1418 = CARTESIAN_POINT('',(10.748862735568,20.001504030714,
    19.309325659378));
#1419 = CARTESIAN_POINT('',(10.414137834014,20.1782577214,
    19.292852927156));
#1420 = CARTESIAN_POINT('',(10.0774922084,20.347885857772,
    19.289316028665));
#1421 = CARTESIAN_POINT('',(9.73943967249,20.510299183869,
    19.296936976751));
#1422 = CARTESIAN_POINT('',(9.399995379175,20.665640367799,
    19.314275517135));
#1423 = CARTESIAN_POINT('',(8.67986437162,20.979051185448,
    19.368974461167));
#1424 = CARTESIAN_POINT('',(8.299177852261,21.135362047216,
    19.408286530726));
#1425 = CARTESIAN_POINT('',(7.917349396432,21.282930981196,
    19.456444698465));
#1426 = CARTESIAN_POINT('',(7.534896748304,21.421744165765,
    19.511976042214));
#1427 = CARTESIAN_POINT('',(7.152098602588,21.551908661519,
    19.573586906295));
#1428 = CARTESIAN_POINT('',(6.768974016021,21.67361688508,
    19.640139484216));
#1429 = CARTESIAN_POINT('',(6.385206086177,21.787121705981,
    19.710627045682));
#1430 = CARTESIAN_POINT('',(6.,21.892692844874,19.784125728663));
#1431 = PCURVE('',#530,#1432);
#1432 = DEFINITIONAL_REPRESENTATION('',(#1433),#1513);
#1433 = B_SPLINE_CURVE_WITH_KNOTS('',8,(#1434,#1435,#1436,#1437,#1438,
    #1439,#1440,#1441,#1442,#1443,#1444,#1445,#1446,#1447,#1448,#1449,
    #1450,#1451,#1452,#1453,#1454,#1455,#1456,#1457,#1458,#1459,#1460,
    #1461,#1462,#1463,#1464,#1465,#1466,#1467,#1468,#1469,#1470,#1471,
    #1472,#1473,#1474,#1475,#1476,#1477,#1478,#1479,#1480,#1481,#1482,
    #1483,#1484,#1485,#1486,#1487,#1488,#1489,#1490,#1491,#1492,#1493,
    #1494,#1495,#1496,#1497,#1498,#1499,#1500,#1501,#1502,#1503,#1504,
    #1505,#1506,#1507,#1508,#1509,#1510,#1511,#1512),.UNSPECIFIED.,.F.,
  .F.,(9,7,7,7,7,7,7,7,7,7,7,9),(0.,0.245777047625,0.393786300829,
    0.434346490765,0.468835336763,0.499840543842,0.532904744511,
    0.572792246453,0.623288666716,0.705021491206,0.844852104874,1.),
  .UNSPECIFIED.);
#1434 = CARTESIAN_POINT('',(-0.962624895694,-26.));
#1435 = CARTESIAN_POINT('',(-1.038481424187,-26.6133184256));
#1436 = CARTESIAN_POINT('',(-1.118311993061,-27.21875454045));
#1437 = CARTESIAN_POINT('',(-1.20261779019,-27.82286485249));
#1438 = CARTESIAN_POINT('',(-1.292071096122,-28.42772053723));
#1439 = CARTESIAN_POINT('',(-1.387290231054,-29.03297968896));
#1440 = CARTESIAN_POINT('',(-1.489095098192,-29.63627281933));
#1441 = CARTESIAN_POINT('',(-1.598386840184,-30.23298761916));
#1442 = CARTESIAN_POINT('',(-1.787800506212,-31.16666450652));
#1443 = CARTESIAN_POINT('',(-1.862495637055,-31.51382962622));
#1444 = CARTESIAN_POINT('',(-1.941249701136,-31.85654159989));
#1445 = CARTESIAN_POINT('',(-2.024646079225,-32.1930420271));
#1446 = CARTESIAN_POINT('',(-2.113272501271,-32.52035671376));
#1447 = CARTESIAN_POINT('',(-2.20783842935,-32.83427213136));
#1448 = CARTESIAN_POINT('',(-2.30916131438,-33.12904349402));
#1449 = CARTESIAN_POINT('',(-2.448349810664,-33.46926463217));
#1450 = CARTESIAN_POINT('',(-2.478867085784,-33.54032127448));
#1451 = CARTESIAN_POINT('',(-2.509956866771,-33.60901034345));
#1452 = CARTESIAN_POINT('',(-2.541613433863,-33.67508879161));
#1453 = CARTESIAN_POINT('',(-2.573831954405,-33.73831462637));
#1454 = CARTESIAN_POINT('',(-2.606608956083,-33.79844638376));
#1455 = CARTESIAN_POINT('',(-2.639942800154,-33.85524260214));
#1456 = CARTESIAN_POINT('',(-2.702652405011,-33.95371382902));
#1457 = CARTESIAN_POINT('',(-2.731872152204,-33.99637689131));
#1458 = CARTESIAN_POINT('',(-2.761466837044,-34.03625985864));
#1459 = CARTESIAN_POINT('',(-2.791411171713,-34.07318741128));
#1460 = CARTESIAN_POINT('',(-2.821680705202,-34.10699904187));
#1461 = CARTESIAN_POINT('',(-2.852251388728,-34.13754856322));
#1462 = CARTESIAN_POINT('',(-2.883099141153,-34.16470361626));
#1463 = CARTESIAN_POINT('',(-2.942158320651,-34.20959875983));
#1464 = CARTESIAN_POINT('',(-2.970315819719,-34.22800847302));
#1465 = CARTESIAN_POINT('',(-2.998637832374,-34.2434786429));
#1466 = CARTESIAN_POINT('',(-3.027091908112,-34.25593269575));
#1467 = CARTESIAN_POINT('',(-3.055646436157,-34.2653129911));
#1468 = CARTESIAN_POINT('',(-3.084269856477,-34.27158065425));
#1469 = CARTESIAN_POINT('',(-3.112929870793,-34.27471540872));
#1470 = CARTESIAN_POINT('',(-3.17215887428,-34.27471540872));
#1471 = CARTESIAN_POINT('',(-3.202720008102,-34.2711507152));
#1472 = CARTESIAN_POINT('',(-3.233237008521,-34.2640235587));
#1473 = CARTESIAN_POINT('',(-3.263671229965,-34.25336024884));
#1474 = CARTESIAN_POINT('',(-3.293984190415,-34.23921108483));
#1475 = CARTESIAN_POINT('',(-3.324137333989,-34.2216502661));
#1476 = CARTESIAN_POINT('',(-3.354091793534,-34.2007758029));
#1477 = CARTESIAN_POINT('',(-3.41965693619,-34.14767658763));
#1478 = CARTESIAN_POINT('',(-3.455143154268,-34.11401136549));
#1479 = CARTESIAN_POINT('',(-3.490234571406,-34.07590618825));
#1480 = CARTESIAN_POINT('',(-3.52489940703,-34.03357310057));
#1481 = CARTESIAN_POINT('',(-3.5591056989,-33.9872447354));
#1482 = CARTESIAN_POINT('',(-3.592820665964,-33.93717528548));
#1483 = CARTESIAN_POINT('',(-3.62601007123,-33.88364147474));
#1484 = CARTESIAN_POINT('',(-3.699943069999,-33.7551655763));
#1485 = CARTESIAN_POINT('',(-3.740347039199,-33.67831876666));
#1486 = CARTESIAN_POINT('',(-3.779865055795,-33.59685792152));
#1487 = CARTESIAN_POINT('',(-3.818509184001,-33.51121870754));
#1488 = CARTESIAN_POINT('',(-3.856288113498,-33.42182234121));
#1489 = CARTESIAN_POINT('',(-3.893207284259,-33.32908029279));
#1490 = CARTESIAN_POINT('',(-3.929269011378,-33.23339899019));
#1491 = CARTESIAN_POINT('',(-4.021452679449,-32.97621591137));
#1492 = CARTESIAN_POINT('',(-4.07622909527,-32.81048690524));
#1493 = CARTESIAN_POINT('',(-4.128974746312,-32.63918562664));
#1494 = CARTESIAN_POINT('',(-4.179833260169,-32.46330486455));
#1495 = CARTESIAN_POINT('',(-4.228931970229,-32.28366716167));
#1496 = CARTESIAN_POINT('',(-4.27638928568,-32.1009488462));
#1497 = CARTESIAN_POINT('',(-4.322316464364,-31.9157030087));
#1498 = CARTESIAN_POINT('',(-4.44294095255,-31.40790684947));
#1499 = CARTESIAN_POINT('',(-4.515052441687,-31.08064739794));
#1500 = CARTESIAN_POINT('',(-4.583611707842,-30.74886273556));
#1501 = CARTESIAN_POINT('',(-4.648992533288,-30.41413783401));
#1502 = CARTESIAN_POINT('',(-4.711529920932,-30.0774922084));
#1503 = CARTESIAN_POINT('',(-4.771538546763,-29.73943967249));
#1504 = CARTESIAN_POINT('',(-4.829319567478,-29.39999537917));
#1505 = CARTESIAN_POINT('',(-4.947152256225,-28.67986437162));
#1506 = CARTESIAN_POINT('',(-5.006686428658,-28.29917785226));
#1507 = CARTESIAN_POINT('',(-5.063956931075,-27.91734939643));
#1508 = CARTESIAN_POINT('',(-5.119108163102,-27.5348967483));
#1509 = CARTESIAN_POINT('',(-5.172256797198,-27.15209860258));
#1510 = CARTESIAN_POINT('',(-5.223499887413,-26.76897401602));
#1511 = CARTESIAN_POINT('',(-5.272917302732,-26.38520608617));
#1512 = CARTESIAN_POINT('',(-5.320560411485,-26.));
#1513 = ( GEOMETRIC_REPRESENTATION_CONTEXT(2) 
PARAMETRIC_REPRESENTATION_CONTEXT() REPRESENTATION_CONTEXT('2D SPACE',''
  ) );
#1514 = PCURVE('',#817,#1515);
#1515 = DEFINITIONAL_REPRESENTATION('',(#1516),#1596);
#1516 = B_SPLINE_CURVE_WITH_KNOTS('',8,(#1517,#1518,#1519,#1520,#1521,
    #1522,#1523,#1524,#1525,#1526,#1527,#1528,#1529,#1530,#1531,#1532,
    #1533,#1534,#1535,#1536,#1537,#1538,#1539,#1540,#1541,#1542,#1543,
    #1544,#1545,#1546,#1547,#1548,#1549,#1550,#1551,#1552,#1553,#1554,
    #1555,#1556,#1557,#1558,#1559,#1560,#1561,#1562,#1563,#1564,#1565,
    #1566,#1567,#1568,#1569,#1570,#1571,#1572,#1573,#1574,#1575,#1576,
    #1577,#1578,#1579,#1580,#1581,#1582,#1583,#1584,#1585,#1586,#1587,
    #1588,#1589,#1590,#1591,#1592,#1593,#1594,#1595),.UNSPECIFIED.,.F.,
  .F.,(9,7,7,7,7,7,7,7,7,7,7,9),(0.,0.245777047625,0.393786300829,
    0.434346490765,0.468835336763,0.499840543842,0.532904744511,
    0.572792246453,0.623288666716,0.705021491206,0.844852104874,1.),
  .UNSPECIFIED.);
#1517 = CARTESIAN_POINT('',(-7.586485779204,-24.21587427133));
#1518 = CARTESIAN_POINT('',(-7.558471024238,-24.33289759508));
#1519 = CARTESIAN_POINT('',(-7.530570489175,-24.44147827726));
#1520 = CARTESIAN_POINT('',(-7.502454717031,-24.53870135957));
#1521 = CARTESIAN_POINT('',(-7.473984369313,-24.62085981001));
#1522 = CARTESIAN_POINT('',(-7.445122640043,-24.68281661022));
#1523 = CARTESIAN_POINT('',(-7.415923128676,-24.7179337728));
#1524 = CARTESIAN_POINT('',(-7.386552199173,-24.71772605294));
#1525 = CARTESIAN_POINT('',(-7.339769419439,-24.64341989876));
#1526 = CARTESIAN_POINT('',(-7.322182870407,-24.59864306336));
#1527 = CARTESIAN_POINT('',(-7.304619614246,-24.53435373283));
#1528 = CARTESIAN_POINT('',(-7.287160866301,-24.44726109327));
#1529 = CARTESIAN_POINT('',(-7.269956669391,-24.33349853609));
#1530 = CARTESIAN_POINT('',(-7.253234013248,-24.18865633225));
#1531 = CARTESIAN_POINT('',(-7.237326350561,-24.00793128628));
#1532 = CARTESIAN_POINT('',(-7.218761204237,-23.72618577953));
#1533 = CARTESIAN_POINT('',(-7.214870475301,-23.66258241973));
#1534 = CARTESIAN_POINT('',(-7.211096711351,-23.59594866432));
#1535 = CARTESIAN_POINT('',(-7.207454530635,-23.52627092669));
#1536 = CARTESIAN_POINT('',(-7.203958719316,-23.4535510898));
#1537 = CARTESIAN_POINT('',(-7.200624220119,-23.37780670752));
#1538 = CARTESIAN_POINT('',(-7.19746612098,-23.29907120594));
#1539 = CARTESIAN_POINT('',(-7.191977210281,-23.14794298842));
#1540 = CARTESIAN_POINT('',(-7.189593479444,-23.07636887113));
#1541 = CARTESIAN_POINT('',(-7.187360138135,-23.00276714712));
#1542 = CARTESIAN_POINT('',(-7.185288093404,-22.92724760915));
#1543 = CARTESIAN_POINT('',(-7.183387448821,-22.84993431955));
#1544 = CARTESIAN_POINT('',(-7.181667480898,-22.77096550116));
#1545 = CARTESIAN_POINT('',(-7.180136615516,-22.69049342842));
#1546 = CARTESIAN_POINT('',(-7.177602958774,-22.53513855816));
#1547 = CARTESIAN_POINT('',(-7.17656268781,-22.46052663192));
#1548 = CARTESIAN_POINT('',(-7.175687607748,-22.38501223693));
#1549 = CARTESIAN_POINT('',(-7.174982569293,-22.30876453754));
#1550 = CARTESIAN_POINT('',(-7.174451248324,-22.23195789139));
#1551 = CARTESIAN_POINT('',(-7.174096136664,-22.15477157571));
#1552 = CARTESIAN_POINT('',(-7.173918532837,-22.07738951355));
#1553 = CARTESIAN_POINT('',(-7.173918532837,-21.91747120413));
#1554 = CARTESIAN_POINT('',(-7.174120494693,-21.8349560896));
#1555 = CARTESIAN_POINT('',(-7.174524304285,-21.75267774148));
#1556 = CARTESIAN_POINT('',(-7.175128276342,-21.67085772461));
#1557 = CARTESIAN_POINT('',(-7.175929186618,-21.58971349489));
#1558 = CARTESIAN_POINT('',(-7.176922304063,-21.50945581061));
#1559 = CARTESIAN_POINT('',(-7.178101422997,-21.43028614377));
#1560 = CARTESIAN_POINT('',(-7.181096502638,-21.25842782806));
#1561 = CARTESIAN_POINT('',(-7.182992950093,-21.16636293978));
#1562 = CARTESIAN_POINT('',(-7.185136035867,-21.07643468561));
#1563 = CARTESIAN_POINT('',(-7.187512259246,-20.9888538179));
#1564 = CARTESIAN_POINT('',(-7.190106865857,-20.90380643959));
#1565 = CARTESIAN_POINT('',(-7.192903892932,-20.82145386151));
#1566 = CARTESIAN_POINT('',(-7.195886214581,-20.74193245961));
#1567 = CARTESIAN_POINT('',(-7.203022601263,-20.56840683195));
#1568 = CARTESIAN_POINT('',(-7.207277227485,-20.47617867419));
#1569 = CARTESIAN_POINT('',(-7.21177099444,-20.38868503065));
#1570 = CARTESIAN_POINT('',(-7.216476848962,-20.3059073647));
#1571 = CARTESIAN_POINT('',(-7.221368953929,-20.22779676765));
#1572 = CARTESIAN_POINT('',(-7.226422486184,-20.15427809495));
#1573 = CARTESIAN_POINT('',(-7.231613434457,-20.08525410236));
#1574 = CARTESIAN_POINT('',(-7.245504938527,-19.91597683399));
#1575 = CARTESIAN_POINT('',(-7.254396858723,-19.82273521553));
#1576 = CARTESIAN_POINT('',(-7.263523482398,-19.74009103932));
#1577 = CARTESIAN_POINT('',(-7.272827436415,-19.66726337133));
#1578 = CARTESIAN_POINT('',(-7.282262642826,-19.6034966519));
#1579 = CARTESIAN_POINT('',(-7.291792446024,-19.54807223383));
#1580 = CARTESIAN_POINT('',(-7.30138787419,-19.5003188376));
#1581 = CARTESIAN_POINT('',(-7.327515247964,-19.3899965993));
#1582 = CARTESIAN_POINT('',(-7.344166045501,-19.34086944531));
#1583 = CARTESIAN_POINT('',(-7.360862556025,-19.30932565937));
#1584 = CARTESIAN_POINT('',(-7.377531613584,-19.29285292715));
#1585 = CARTESIAN_POINT('',(-7.394132127276,-19.28931602866));
#1586 = CARTESIAN_POINT('',(-7.410649040403,-19.29693697675));
#1587 = CARTESIAN_POINT('',(-7.427091126382,-19.31427551713));
#1588 = CARTESIAN_POINT('',(-7.46168917536,-19.36897446116));
#1589 = CARTESIAN_POINT('',(-7.479814211354,-19.40828653072));
#1590 = CARTESIAN_POINT('',(-7.497840881873,-19.45644469846));
#1591 = CARTESIAN_POINT('',(-7.515756887406,-19.51197604221));
#1592 = CARTESIAN_POINT('',(-7.53356117091,-19.57358690629));
#1593 = CARTESIAN_POINT('',(-7.551264121069,-19.64013948421));
#1594 = CARTESIAN_POINT('',(-7.568890589389,-19.71062704568));
#1595 = CARTESIAN_POINT('',(-7.586485779204,-19.78412572866));
#1596 = ( GEOMETRIC_REPRESENTATION_CONTEXT(2) 
PARAMETRIC_REPRESENTATION_CONTEXT() REPRESENTATION_CONTEXT('2D SPACE',''
  ) );
#1597 = ORIENTED_EDGE('',*,*,#1598,.F.);
#1598 = EDGE_CURVE('',#1301,#1348,#1599,.T.);
#1599 = SURFACE_CURVE('',#1600,(#1605,#1612),.PCURVE_S1.);
#1600 = CIRCLE('',#1601,2.7);
#1601 = AXIS2_PLACEMENT_3D('',#1602,#1603,#1604);
#1602 = CARTESIAN_POINT('',(6.,20.35,22.));
#1603 = DIRECTION('',(-1.,0.,0.));
#1604 = DIRECTION('',(0.,1.,0.));
#1605 = PCURVE('',#530,#1606);
#1606 = DEFINITIONAL_REPRESENTATION('',(#1607),#1611);
#1607 = LINE('',#1608,#1609);
#1608 = CARTESIAN_POINT('',(-6.28318530718,-26.));
#1609 = VECTOR('',#1610,1.);
#1610 = DIRECTION('',(1.,-0.));
#1611 = ( GEOMETRIC_REPRESENTATION_CONTEXT(2) 
PARAMETRIC_REPRESENTATION_CONTEXT() REPRESENTATION_CONTEXT('2D SPACE',''
  ) );
#1612 = PCURVE('',#845,#1613);
#1613 = DEFINITIONAL_REPRESENTATION('',(#1614),#1618);
#1614 = CIRCLE('',#1615,2.7);
#1615 = AXIS2_PLACEMENT_2D('',#1616,#1617);
#1616 = CARTESIAN_POINT('',(20.35,-22.));
#1617 = DIRECTION('',(1.,0.));
#1618 = ( GEOMETRIC_REPRESENTATION_CONTEXT(2) 
PARAMETRIC_REPRESENTATION_CONTEXT() REPRESENTATION_CONTEXT('2D SPACE',''
  ) );
#1619 = ORIENTED_EDGE('',*,*,#1300,.F.);
#1620 = ORIENTED_EDGE('',*,*,#1214,.T.);
#1621 = ORIENTED_EDGE('',*,*,#362,.F.);
#1622 = ADVANCED_FACE('',(#1623),#252,.F.);
#1623 = FACE_BOUND('',#1624,.T.);
#1624 = EDGE_LOOP('',(#1625,#1626,#1649,#1673,#1924,#1946,#1947,#1948));
#1625 = ORIENTED_EDGE('',*,*,#1241,.T.);
#1626 = ORIENTED_EDGE('',*,*,#1627,.T.);
#1627 = EDGE_CURVE('',#1242,#1628,#1630,.T.);
#1628 = VERTEX_POINT('',#1629);
#1629 = CARTESIAN_POINT('',(6.,23.05,8.));
#1630 = SEAM_CURVE('',#1631,(#1635,#1642),.PCURVE_S1.);
#1631 = LINE('',#1632,#1633);
#1632 = CARTESIAN_POINT('',(-20.,23.05,8.));
#1633 = VECTOR('',#1634,1.);
#1634 = DIRECTION('',(1.,0.,0.));
#1635 = PCURVE('',#252,#1636);
#1636 = DEFINITIONAL_REPRESENTATION('',(#1637),#1641);
#1637 = LINE('',#1638,#1639);
#1638 = CARTESIAN_POINT('',(-6.28318530718,0.));
#1639 = VECTOR('',#1640,1.);
#1640 = DIRECTION('',(-0.,-1.));
#1641 = ( GEOMETRIC_REPRESENTATION_CONTEXT(2) 
PARAMETRIC_REPRESENTATION_CONTEXT() REPRESENTATION_CONTEXT('2D SPACE',''
  ) );
#1642 = PCURVE('',#252,#1643);
#1643 = DEFINITIONAL_REPRESENTATION('',(#1644),#1648);
#1644 = LINE('',#1645,#1646);
#1645 = CARTESIAN_POINT('',(-0.,0.));
#1646 = VECTOR('',#1647,1.);
#1647 = DIRECTION('',(-0.,-1.));
#1648 = ( GEOMETRIC_REPRESENTATION_CONTEXT(2) 
PARAMETRIC_REPRESENTATION_CONTEXT() REPRESENTATION_CONTEXT('2D SPACE',''
  ) );
#1649 = ORIENTED_EDGE('',*,*,#1650,.F.);
#1650 = EDGE_CURVE('',#1651,#1628,#1653,.T.);
#1651 = VERTEX_POINT('',#1652);
#1652 = CARTESIAN_POINT('',(6.,21.892692844874,10.215874271337));
#1653 = SURFACE_CURVE('',#1654,(#1659,#1666),.PCURVE_S1.);
#1654 = CIRCLE('',#1655,2.7);
#1655 = AXIS2_PLACEMENT_3D('',#1656,#1657,#1658);
#1656 = CARTESIAN_POINT('',(6.,20.35,8.));
#1657 = DIRECTION('',(-1.,0.,0.));
#1658 = DIRECTION('',(0.,1.,0.));
#1659 = PCURVE('',#252,#1660);
#1660 = DEFINITIONAL_REPRESENTATION('',(#1661),#1665);
#1661 = LINE('',#1662,#1663);
#1662 = CARTESIAN_POINT('',(-6.28318530718,-26.));
#1663 = VECTOR('',#1664,1.);
#1664 = DIRECTION('',(1.,-0.));
#1665 = ( GEOMETRIC_REPRESENTATION_CONTEXT(2) 
PARAMETRIC_REPRESENTATION_CONTEXT() REPRESENTATION_CONTEXT('2D SPACE',''
  ) );
#1666 = PCURVE('',#845,#1667);
#1667 = DEFINITIONAL_REPRESENTATION('',(#1668),#1672);
#1668 = CIRCLE('',#1669,2.7);
#1669 = AXIS2_PLACEMENT_2D('',#1670,#1671);
#1670 = CARTESIAN_POINT('',(20.35,-8.));
#1671 = DIRECTION('',(1.,0.));
#1672 = ( GEOMETRIC_REPRESENTATION_CONTEXT(2) 
PARAMETRIC_REPRESENTATION_CONTEXT() REPRESENTATION_CONTEXT('2D SPACE',''
  ) );
#1673 = ORIENTED_EDGE('',*,*,#1674,.T.);
#1674 = EDGE_CURVE('',#1651,#1675,#1677,.T.);
#1675 = VERTEX_POINT('',#1676);
#1676 = CARTESIAN_POINT('',(6.,21.892692844874,5.784125728663));
#1677 = SURFACE_CURVE('',#1678,(#1758,#1841),.PCURVE_S1.);
#1678 = B_SPLINE_CURVE_WITH_KNOTS('',8,(#1679,#1680,#1681,#1682,#1683,
    #1684,#1685,#1686,#1687,#1688,#1689,#1690,#1691,#1692,#1693,#1694,
    #1695,#1696,#1697,#1698,#1699,#1700,#1701,#1702,#1703,#1704,#1705,
    #1706,#1707,#1708,#1709,#1710,#1711,#1712,#1713,#1714,#1715,#1716,
    #1717,#1718,#1719,#1720,#1721,#1722,#1723,#1724,#1725,#1726,#1727,
    #1728,#1729,#1730,#1731,#1732,#1733,#1734,#1735,#1736,#1737,#1738,
    #1739,#1740,#1741,#1742,#1743,#1744,#1745,#1746,#1747,#1748,#1749,
    #1750,#1751,#1752,#1753,#1754,#1755,#1756,#1757),.UNSPECIFIED.,.F.,
  .F.,(9,7,7,7,7,7,7,7,7,7,7,9),(0.,0.245777047711,0.393786300967,
    0.434346490923,0.468835336945,0.499840544044,0.532904744734,
    0.572792246676,0.623288666913,0.705021491331,0.84485210494,1.),
  .UNSPECIFIED.);
#1679 = CARTESIAN_POINT('',(6.,21.892692844874,10.215874271337));
#1680 = CARTESIAN_POINT('',(6.613318425609,21.724604315074,
    10.33289759508));
#1681 = CARTESIAN_POINT('',(7.218754540456,21.537564721835,
    10.441478277262));
#1682 = CARTESIAN_POINT('',(7.822864852493,21.330077227766,
    10.538701359574));
#1683 = CARTESIAN_POINT('',(8.427720537233,21.100524293804,
    10.620859810013));
#1684 = CARTESIAN_POINT('',(9.032979688968,20.847844474513,
    10.682816610226));
#1685 = CARTESIAN_POINT('',(9.636272819334,20.571733724335,
    10.717933772807));
#1686 = CARTESIAN_POINT('',(10.232987619166,20.273511996178,
    10.717726052945));
#1687 = CARTESIAN_POINT('',(11.166664506521,19.767522036505,
    10.643419898764));
#1688 = CARTESIAN_POINT('',(11.513829626223,19.570258172039,
    10.59864306336));
#1689 = CARTESIAN_POINT('',(11.856541599895,19.366280913386,
    10.534353732839));
#1690 = CARTESIAN_POINT('',(12.193042027112,19.156612826506,
    10.447261093268));
#1691 = CARTESIAN_POINT('',(12.520356713767,18.943291178867,
    10.333498536096));
#1692 = CARTESIAN_POINT('',(12.834272131367,18.729658569589,
    10.188656332248));
#1693 = CARTESIAN_POINT('',(13.129043494026,18.521005200044,
    10.007931286281));
#1694 = CARTESIAN_POINT('',(13.469264632181,18.272304921012,
    9.726185779521));
#1695 = CARTESIAN_POINT('',(13.540321274489,18.219850466177,
    9.662582419734));
#1696 = CARTESIAN_POINT('',(13.609010343447,18.16866011108,
    9.595948664334));
#1697 = CARTESIAN_POINT('',(13.675088791603,18.118966534882,
    9.526270926706));
#1698 = CARTESIAN_POINT('',(13.73831462637,18.0710093352,9.453551089812)
  );
#1699 = CARTESIAN_POINT('',(13.798446383766,18.02503383913,
    9.377806707522));
#1700 = CARTESIAN_POINT('',(13.855242602152,17.981289914271,
    9.299071205932));
#1701 = CARTESIAN_POINT('',(13.953713829022,17.904947612271,
    9.147942988425));
#1702 = CARTESIAN_POINT('',(13.996376891311,17.87166311543,
    9.076368871136));
#1703 = CARTESIAN_POINT('',(14.036259858643,17.840365332853,
    9.00276714712));
#1704 = CARTESIAN_POINT('',(14.073187411289,17.811232675985,
    8.927247609158));
#1705 = CARTESIAN_POINT('',(14.10699904187,17.784432507933,
    8.849934319554));
#1706 = CARTESIAN_POINT('',(14.13754856322,17.760119727317,
    8.770965501165));
#1707 = CARTESIAN_POINT('',(14.164703616268,17.738435352112,
    8.690493428426));
#1708 = CARTESIAN_POINT('',(14.209598759837,17.702486955695,
    8.535138558164));
#1709 = CARTESIAN_POINT('',(14.228008473023,17.687698045402,
    8.460526631927));
#1710 = CARTESIAN_POINT('',(14.243478642909,17.675237469683,
    8.385012236938));
#1711 = CARTESIAN_POINT('',(14.255932695754,17.66518575975,8.30876453754
    ));
#1712 = CARTESIAN_POINT('',(14.265312991102,17.657604373863,
    8.23195789139));
#1713 = CARTESIAN_POINT('',(14.271580654252,17.652535190248,
    8.154771575715));
#1714 = CARTESIAN_POINT('',(14.274715408722,17.65,8.077389513553));
#1715 = CARTESIAN_POINT('',(14.274715408722,17.65,7.917471204138));
#1716 = CARTESIAN_POINT('',(14.2711507152,17.652882871313,7.834956089603
    ));
#1717 = CARTESIAN_POINT('',(14.264023558709,17.65864723282,
    7.752677741487));
#1718 = CARTESIAN_POINT('',(14.253360248845,17.667264797634,
    7.670857724619));
#1719 = CARTESIAN_POINT('',(14.239211084832,17.678681375851,
    7.589713494897));
#1720 = CARTESIAN_POINT('',(14.221650266107,17.692817877303,
    7.509455810611));
#1721 = CARTESIAN_POINT('',(14.200775802906,17.709571314305,
    7.430286143774));
#1722 = CARTESIAN_POINT('',(14.147676587652,17.752031688069,
    7.258427828124));
#1723 = CARTESIAN_POINT('',(14.114011365511,17.778862706844,
    7.166362939804));
#1724 = CARTESIAN_POINT('',(14.075906188249,17.809105823683,
    7.076434685586));
#1725 = CARTESIAN_POINT('',(14.033573100547,17.842534886377,
    6.988853817857));
#1726 = CARTESIAN_POINT('',(13.987244735386,17.87890340398,6.90380643957
    ));
#1727 = CARTESIAN_POINT('',(13.937175285491,17.917947323225,
    6.821453861526));
#1728 = CARTESIAN_POINT('',(13.883641474771,17.959387804937,
    6.741932459651));
#1729 = CARTESIAN_POINT('',(13.755165576306,18.058062220617,
    6.568406831953));
#1730 = CARTESIAN_POINT('',(13.678318766661,18.116563760169,
    6.476178674198));
#1731 = CARTESIAN_POINT('',(13.596857921526,18.177966358205,
    6.388685030653));
#1732 = CARTESIAN_POINT('',(13.511218707547,18.24182327376,6.3059073647)
  );
#1733 = CARTESIAN_POINT('',(13.421822341219,18.307712271265,
    6.227796767654));
#1734 = CARTESIAN_POINT('',(13.329080292796,18.37523460599,
    6.154278094956));
#1735 = CARTESIAN_POINT('',(13.233398990196,18.444014009493,
    6.085254102367));
#1736 = CARTESIAN_POINT('',(12.976215911427,18.626481478716,
    5.915976834035));
#1737 = CARTESIAN_POINT('',(12.810486905208,18.741718611501,
    5.822735215506));
#1738 = CARTESIAN_POINT('',(12.639185626576,18.858271346755,
    5.740091039294));
#1739 = CARTESIAN_POINT('',(12.463304864557,18.97523893966,
    5.667263371347));
#1740 = CARTESIAN_POINT('',(12.283667161747,19.091917681548,
    5.603496651935));
#1741 = CARTESIAN_POINT('',(12.100948846244,19.207765283425,
    5.548072233836));
#1742 = CARTESIAN_POINT('',(11.915703008621,19.322367588731,
    5.500318837589));
#1743 = CARTESIAN_POINT('',(11.407906849472,19.628799393918,
    5.389996599308));
#1744 = CARTESIAN_POINT('',(11.080647397941,19.818047072019,
    5.340869445314));
#1745 = CARTESIAN_POINT('',(10.748862735568,20.001504030714,
    5.309325659378));
#1746 = CARTESIAN_POINT('',(10.414137834014,20.1782577214,5.292852927156
    ));
#1747 = CARTESIAN_POINT('',(10.0774922084,20.347885857772,5.289316028665
    ));
#1748 = CARTESIAN_POINT('',(9.73943967249,20.510299183869,5.29693697675)
  );
#1749 = CARTESIAN_POINT('',(9.399995379175,20.665640367799,
    5.314275517135));
#1750 = CARTESIAN_POINT('',(8.679864371622,20.979051185448,
    5.368974461166));
#1751 = CARTESIAN_POINT('',(8.299177852262,21.135362047216,
    5.408286530726));
#1752 = CARTESIAN_POINT('',(7.917349396431,21.282930981197,
    5.456444698465));
#1753 = CARTESIAN_POINT('',(7.534896748303,21.421744165765,
    5.511976042214));
#1754 = CARTESIAN_POINT('',(7.152098602589,21.551908661519,
    5.573586906295));
#1755 = CARTESIAN_POINT('',(6.768974016021,21.67361688508,5.640139484216
    ));
#1756 = CARTESIAN_POINT('',(6.385206086178,21.787121705981,
    5.710627045682));
#1757 = CARTESIAN_POINT('',(6.,21.892692844874,5.784125728663));
#1758 = PCURVE('',#252,#1759);
#1759 = DEFINITIONAL_REPRESENTATION('',(#1760),#1840);
#1760 = B_SPLINE_CURVE_WITH_KNOTS('',8,(#1761,#1762,#1763,#1764,#1765,
    #1766,#1767,#1768,#1769,#1770,#1771,#1772,#1773,#1774,#1775,#1776,
    #1777,#1778,#1779,#1780,#1781,#1782,#1783,#1784,#1785,#1786,#1787,
    #1788,#1789,#1790,#1791,#1792,#1793,#1794,#1795,#1796,#1797,#1798,
    #1799,#1800,#1801,#1802,#1803,#1804,#1805,#1806,#1807,#1808,#1809,
    #1810,#1811,#1812,#1813,#1814,#1815,#1816,#1817,#1818,#1819,#1820,
    #1821,#1822,#1823,#1824,#1825,#1826,#1827,#1828,#1829,#1830,#1831,
    #1832,#1833,#1834,#1835,#1836,#1837,#1838,#1839),.UNSPECIFIED.,.F.,
  .F.,(9,7,7,7,7,7,7,7,7,7,7,9),(0.,0.245777047711,0.393786300967,
    0.434346490923,0.468835336945,0.499840544044,0.532904744734,
    0.572792246676,0.623288666913,0.705021491331,0.84485210494,1.),
  .UNSPECIFIED.);
#1761 = CARTESIAN_POINT('',(-0.962624895694,-26.));
#1762 = CARTESIAN_POINT('',(-1.038481424187,-26.6133184256));
#1763 = CARTESIAN_POINT('',(-1.118311993061,-27.21875454045));
#1764 = CARTESIAN_POINT('',(-1.20261779019,-27.82286485249));
#1765 = CARTESIAN_POINT('',(-1.292071096122,-28.42772053723));
#1766 = CARTESIAN_POINT('',(-1.387290231054,-29.03297968896));
#1767 = CARTESIAN_POINT('',(-1.489095098191,-29.63627281933));
#1768 = CARTESIAN_POINT('',(-1.598386840185,-30.23298761916));
#1769 = CARTESIAN_POINT('',(-1.787800506212,-31.16666450652));
#1770 = CARTESIAN_POINT('',(-1.862495637056,-31.51382962622));
#1771 = CARTESIAN_POINT('',(-1.941249701135,-31.85654159989));
#1772 = CARTESIAN_POINT('',(-2.024646079227,-32.19304202711));
#1773 = CARTESIAN_POINT('',(-2.11327250127,-32.52035671376));
#1774 = CARTESIAN_POINT('',(-2.207838429351,-32.83427213136));
#1775 = CARTESIAN_POINT('',(-2.309161314379,-33.12904349402));
#1776 = CARTESIAN_POINT('',(-2.448349810669,-33.46926463218));
#1777 = CARTESIAN_POINT('',(-2.478867085786,-33.54032127448));
#1778 = CARTESIAN_POINT('',(-2.509956866769,-33.60901034344));
#1779 = CARTESIAN_POINT('',(-2.541613433858,-33.6750887916));
#1780 = CARTESIAN_POINT('',(-2.573831954402,-33.73831462637));
#1781 = CARTESIAN_POINT('',(-2.606608956084,-33.79844638376));
#1782 = CARTESIAN_POINT('',(-2.639942800159,-33.85524260215));
#1783 = CARTESIAN_POINT('',(-2.702652405011,-33.95371382902));
#1784 = CARTESIAN_POINT('',(-2.731872152203,-33.99637689131));
#1785 = CARTESIAN_POINT('',(-2.761466837044,-34.03625985864));
#1786 = CARTESIAN_POINT('',(-2.791411171713,-34.07318741128));
#1787 = CARTESIAN_POINT('',(-2.821680705202,-34.10699904187));
#1788 = CARTESIAN_POINT('',(-2.852251388728,-34.13754856322));
#1789 = CARTESIAN_POINT('',(-2.883099141152,-34.16470361626));
#1790 = CARTESIAN_POINT('',(-2.942158320651,-34.20959875983));
#1791 = CARTESIAN_POINT('',(-2.970315819719,-34.22800847302));
#1792 = CARTESIAN_POINT('',(-2.998637832374,-34.2434786429));
#1793 = CARTESIAN_POINT('',(-3.027091908112,-34.25593269575));
#1794 = CARTESIAN_POINT('',(-3.055646436157,-34.2653129911));
#1795 = CARTESIAN_POINT('',(-3.084269856477,-34.27158065425));
#1796 = CARTESIAN_POINT('',(-3.112929870793,-34.27471540872));
#1797 = CARTESIAN_POINT('',(-3.17215887428,-34.27471540872));
#1798 = CARTESIAN_POINT('',(-3.202720008102,-34.2711507152));
#1799 = CARTESIAN_POINT('',(-3.233237008521,-34.2640235587));
#1800 = CARTESIAN_POINT('',(-3.263671229965,-34.25336024884));
#1801 = CARTESIAN_POINT('',(-3.293984190415,-34.23921108483));
#1802 = CARTESIAN_POINT('',(-3.324137333989,-34.2216502661));
#1803 = CARTESIAN_POINT('',(-3.354091793534,-34.2007758029));
#1804 = CARTESIAN_POINT('',(-3.419656936167,-34.14767658765));
#1805 = CARTESIAN_POINT('',(-3.455143154259,-34.11401136551));
#1806 = CARTESIAN_POINT('',(-3.490234571416,-34.07590618824));
#1807 = CARTESIAN_POINT('',(-3.524899407049,-34.03357310054));
#1808 = CARTESIAN_POINT('',(-3.559105698911,-33.98724473538));
#1809 = CARTESIAN_POINT('',(-3.592820665959,-33.93717528549));
#1810 = CARTESIAN_POINT('',(-3.626010071212,-33.88364147477));
#1811 = CARTESIAN_POINT('',(-3.699943069999,-33.7551655763));
#1812 = CARTESIAN_POINT('',(-3.740347039199,-33.67831876666));
#1813 = CARTESIAN_POINT('',(-3.779865055795,-33.59685792152));
#1814 = CARTESIAN_POINT('',(-3.818509184001,-33.51121870754));
#1815 = CARTESIAN_POINT('',(-3.856288113498,-33.42182234121));
#1816 = CARTESIAN_POINT('',(-3.893207284259,-33.32908029279));
#1817 = CARTESIAN_POINT('',(-3.929269011377,-33.23339899019));
#1818 = CARTESIAN_POINT('',(-4.021452679429,-32.97621591142));
#1819 = CARTESIAN_POINT('',(-4.076229095285,-32.8104869052));
#1820 = CARTESIAN_POINT('',(-4.128974746331,-32.63918562657));
#1821 = CARTESIAN_POINT('',(-4.179833260165,-32.46330486455));
#1822 = CARTESIAN_POINT('',(-4.228931970209,-32.28366716174));
#1823 = CARTESIAN_POINT('',(-4.276389285673,-32.10094884624));
#1824 = CARTESIAN_POINT('',(-4.322316464384,-31.91570300862));
#1825 = CARTESIAN_POINT('',(-4.44294095255,-31.40790684947));
#1826 = CARTESIAN_POINT('',(-4.515052441687,-31.08064739794));
#1827 = CARTESIAN_POINT('',(-4.583611707842,-30.74886273556));
#1828 = CARTESIAN_POINT('',(-4.648992533288,-30.41413783401));
#1829 = CARTESIAN_POINT('',(-4.711529920932,-30.0774922084));
#1830 = CARTESIAN_POINT('',(-4.771538546763,-29.73943967249));
#1831 = CARTESIAN_POINT('',(-4.829319567478,-29.39999537917));
#1832 = CARTESIAN_POINT('',(-4.947152256225,-28.67986437162));
#1833 = CARTESIAN_POINT('',(-5.006686428658,-28.29917785226));
#1834 = CARTESIAN_POINT('',(-5.063956931075,-27.91734939643));
#1835 = CARTESIAN_POINT('',(-5.119108163102,-27.5348967483));
#1836 = CARTESIAN_POINT('',(-5.172256797198,-27.15209860258));
#1837 = CARTESIAN_POINT('',(-5.223499887413,-26.76897401602));
#1838 = CARTESIAN_POINT('',(-5.272917302732,-26.38520608617));
#1839 = CARTESIAN_POINT('',(-5.320560411485,-26.));
#1840 = ( GEOMETRIC_REPRESENTATION_CONTEXT(2) 
PARAMETRIC_REPRESENTATION_CONTEXT() REPRESENTATION_CONTEXT('2D SPACE',''
  ) );
#1841 = PCURVE('',#817,#1842);
#1842 = DEFINITIONAL_REPRESENTATION('',(#1843),#1923);
#1843 = B_SPLINE_CURVE_WITH_KNOTS('',8,(#1844,#1845,#1846,#1847,#1848,
    #1849,#1850,#1851,#1852,#1853,#1854,#1855,#1856,#1857,#1858,#1859,
    #1860,#1861,#1862,#1863,#1864,#1865,#1866,#1867,#1868,#1869,#1870,
    #1871,#1872,#1873,#1874,#1875,#1876,#1877,#1878,#1879,#1880,#1881,
    #1882,#1883,#1884,#1885,#1886,#1887,#1888,#1889,#1890,#1891,#1892,
    #1893,#1894,#1895,#1896,#1897,#1898,#1899,#1900,#1901,#1902,#1903,
    #1904,#1905,#1906,#1907,#1908,#1909,#1910,#1911,#1912,#1913,#1914,
    #1915,#1916,#1917,#1918,#1919,#1920,#1921,#1922),.UNSPECIFIED.,.F.,
  .F.,(9,7,7,7,7,7,7,7,7,7,7,9),(0.,0.245777047711,0.393786300967,
    0.434346490923,0.468835336945,0.499840544044,0.532904744734,
    0.572792246676,0.623288666913,0.705021491331,0.84485210494,1.),
  .UNSPECIFIED.);
#1844 = CARTESIAN_POINT('',(-7.586485779204,-10.21587427133));
#1845 = CARTESIAN_POINT('',(-7.558471024238,-10.33289759508));
#1846 = CARTESIAN_POINT('',(-7.530570489175,-10.44147827726));
#1847 = CARTESIAN_POINT('',(-7.502454717031,-10.53870135957));
#1848 = CARTESIAN_POINT('',(-7.473984369313,-10.62085981001));
#1849 = CARTESIAN_POINT('',(-7.445122640043,-10.68281661022));
#1850 = CARTESIAN_POINT('',(-7.415923128676,-10.7179337728));
#1851 = CARTESIAN_POINT('',(-7.386552199173,-10.71772605294));
#1852 = CARTESIAN_POINT('',(-7.339769419439,-10.64341989876));
#1853 = CARTESIAN_POINT('',(-7.322182870407,-10.59864306336));
#1854 = CARTESIAN_POINT('',(-7.304619614246,-10.53435373283));
#1855 = CARTESIAN_POINT('',(-7.287160866301,-10.44726109327));
#1856 = CARTESIAN_POINT('',(-7.269956669391,-10.33349853609));
#1857 = CARTESIAN_POINT('',(-7.253234013248,-10.18865633224));
#1858 = CARTESIAN_POINT('',(-7.237326350561,-10.00793128628));
#1859 = CARTESIAN_POINT('',(-7.218761204237,-9.726185779521));
#1860 = CARTESIAN_POINT('',(-7.214870475301,-9.662582419734));
#1861 = CARTESIAN_POINT('',(-7.211096711352,-9.595948664334));
#1862 = CARTESIAN_POINT('',(-7.207454530636,-9.526270926706));
#1863 = CARTESIAN_POINT('',(-7.203958719316,-9.453551089812));
#1864 = CARTESIAN_POINT('',(-7.200624220118,-9.377806707522));
#1865 = CARTESIAN_POINT('',(-7.197466120979,-9.299071205932));
#1866 = CARTESIAN_POINT('',(-7.191977210281,-9.147942988425));
#1867 = CARTESIAN_POINT('',(-7.189593479444,-9.076368871136));
#1868 = CARTESIAN_POINT('',(-7.187360138135,-9.00276714712));
#1869 = CARTESIAN_POINT('',(-7.185288093404,-8.927247609158));
#1870 = CARTESIAN_POINT('',(-7.183387448821,-8.849934319554));
#1871 = CARTESIAN_POINT('',(-7.181667480898,-8.770965501165));
#1872 = CARTESIAN_POINT('',(-7.180136615516,-8.690493428426));
#1873 = CARTESIAN_POINT('',(-7.177602958774,-8.535138558164));
#1874 = CARTESIAN_POINT('',(-7.17656268781,-8.460526631927));
#1875 = CARTESIAN_POINT('',(-7.175687607748,-8.385012236938));
#1876 = CARTESIAN_POINT('',(-7.174982569293,-8.30876453754));
#1877 = CARTESIAN_POINT('',(-7.174451248324,-8.23195789139));
#1878 = CARTESIAN_POINT('',(-7.174096136664,-8.154771575715));
#1879 = CARTESIAN_POINT('',(-7.173918532837,-8.077389513553));
#1880 = CARTESIAN_POINT('',(-7.173918532837,-7.917471204138));
#1881 = CARTESIAN_POINT('',(-7.174120494693,-7.834956089603));
#1882 = CARTESIAN_POINT('',(-7.174524304285,-7.752677741487));
#1883 = CARTESIAN_POINT('',(-7.175128276342,-7.670857724619));
#1884 = CARTESIAN_POINT('',(-7.175929186618,-7.589713494897));
#1885 = CARTESIAN_POINT('',(-7.176922304063,-7.509455810611));
#1886 = CARTESIAN_POINT('',(-7.178101422997,-7.430286143774));
#1887 = CARTESIAN_POINT('',(-7.181096502637,-7.258427828124));
#1888 = CARTESIAN_POINT('',(-7.182992950092,-7.166362939804));
#1889 = CARTESIAN_POINT('',(-7.185136035867,-7.076434685586));
#1890 = CARTESIAN_POINT('',(-7.187512259248,-6.988853817857));
#1891 = CARTESIAN_POINT('',(-7.190106865858,-6.90380643957));
#1892 = CARTESIAN_POINT('',(-7.192903892931,-6.821453861526));
#1893 = CARTESIAN_POINT('',(-7.19588621458,-6.741932459651));
#1894 = CARTESIAN_POINT('',(-7.203022601263,-6.568406831953));
#1895 = CARTESIAN_POINT('',(-7.207277227485,-6.476178674198));
#1896 = CARTESIAN_POINT('',(-7.21177099444,-6.388685030653));
#1897 = CARTESIAN_POINT('',(-7.216476848962,-6.3059073647));
#1898 = CARTESIAN_POINT('',(-7.221368953929,-6.227796767654));
#1899 = CARTESIAN_POINT('',(-7.226422486184,-6.154278094956));
#1900 = CARTESIAN_POINT('',(-7.231613434457,-6.085254102367));
#1901 = CARTESIAN_POINT('',(-7.245504938524,-5.915976834035));
#1902 = CARTESIAN_POINT('',(-7.254396858725,-5.822735215506));
#1903 = CARTESIAN_POINT('',(-7.263523482401,-5.740091039294));
#1904 = CARTESIAN_POINT('',(-7.272827436415,-5.667263371347));
#1905 = CARTESIAN_POINT('',(-7.282262642822,-5.603496651935));
#1906 = CARTESIAN_POINT('',(-7.291792446021,-5.548072233836));
#1907 = CARTESIAN_POINT('',(-7.301387874194,-5.500318837589));
#1908 = CARTESIAN_POINT('',(-7.327515247964,-5.389996599308));
#1909 = CARTESIAN_POINT('',(-7.344166045501,-5.340869445314));
#1910 = CARTESIAN_POINT('',(-7.360862556025,-5.309325659378));
#1911 = CARTESIAN_POINT('',(-7.377531613584,-5.292852927156));
#1912 = CARTESIAN_POINT('',(-7.394132127276,-5.289316028665));
#1913 = CARTESIAN_POINT('',(-7.410649040403,-5.296936976751));
#1914 = CARTESIAN_POINT('',(-7.427091126382,-5.314275517135));
#1915 = CARTESIAN_POINT('',(-7.46168917536,-5.368974461166));
#1916 = CARTESIAN_POINT('',(-7.479814211354,-5.408286530726));
#1917 = CARTESIAN_POINT('',(-7.497840881873,-5.456444698465));
#1918 = CARTESIAN_POINT('',(-7.515756887406,-5.511976042214));
#1919 = CARTESIAN_POINT('',(-7.53356117091,-5.573586906295));
#1920 = CARTESIAN_POINT('',(-7.551264121069,-5.640139484216));
#1921 = CARTESIAN_POINT('',(-7.568890589389,-5.710627045682));
#1922 = CARTESIAN_POINT('',(-7.586485779204,-5.784125728663));
#1923 = ( GEOMETRIC_REPRESENTATION_CONTEXT(2) 
PARAMETRIC_REPRESENTATION_CONTEXT() REPRESENTATION_CONTEXT('2D SPACE',''
  ) );
#1924 = ORIENTED_EDGE('',*,*,#1925,.F.);
#1925 = EDGE_CURVE('',#1628,#1675,#1926,.T.);
#1926 = SURFACE_CURVE('',#1927,(#1932,#1939),.PCURVE_S1.);
#1927 = CIRCLE('',#1928,2.7);
#1928 = AXIS2_PLACEMENT_3D('',#1929,#1930,#1931);
#1929 = CARTESIAN_POINT('',(6.,20.35,8.));
#1930 = DIRECTION('',(-1.,0.,0.));
#1931 = DIRECTION('',(0.,1.,0.));
#1932 = PCURVE('',#252,#1933);
#1933 = DEFINITIONAL_REPRESENTATION('',(#1934),#1938);
#1934 = LINE('',#1935,#1936);
#1935 = CARTESIAN_POINT('',(-6.28318530718,-26.));
#1936 = VECTOR('',#1937,1.);
#1937 = DIRECTION('',(1.,-0.));
#1938 = ( GEOMETRIC_REPRESENTATION_CONTEXT(2) 
PARAMETRIC_REPRESENTATION_CONTEXT() REPRESENTATION_CONTEXT('2D SPACE',''
  ) );
#1939 = PCURVE('',#845,#1940);
#1940 = DEFINITIONAL_REPRESENTATION('',(#1941),#1945);
#1941 = CIRCLE('',#1942,2.7);
#1942 = AXIS2_PLACEMENT_2D('',#1943,#1944);
#1943 = CARTESIAN_POINT('',(20.35,-8.));
#1944 = DIRECTION('',(1.,0.));
#1945 = ( GEOMETRIC_REPRESENTATION_CONTEXT(2) 
PARAMETRIC_REPRESENTATION_CONTEXT() REPRESENTATION_CONTEXT('2D SPACE',''
  ) );
#1946 = ORIENTED_EDGE('',*,*,#1627,.F.);
#1947 = ORIENTED_EDGE('',*,*,#1269,.T.);
#1948 = ORIENTED_EDGE('',*,*,#84,.F.);
#1949 = ADVANCED_FACE('',(#1950),#762,.F.);
#1950 = FACE_BOUND('',#1951,.T.);
#1951 = EDGE_LOOP('',(#1952,#1953,#1954,#1955));
#1952 = ORIENTED_EDGE('',*,*,#1033,.F.);
#1953 = ORIENTED_EDGE('',*,*,#909,.T.);
#1954 = ORIENTED_EDGE('',*,*,#745,.F.);
#1955 = ORIENTED_EDGE('',*,*,#1956,.F.);
#1956 = EDGE_CURVE('',#1034,#746,#1957,.T.);
#1957 = SURFACE_CURVE('',#1958,(#1962,#1968),.PCURVE_S1.);
#1958 = LINE('',#1959,#1960);
#1959 = CARTESIAN_POINT('',(1.5,-16.80820112326,-1.));
#1960 = VECTOR('',#1961,1.);
#1961 = DIRECTION('',(-0.,-0.,-1.));
#1962 = PCURVE('',#762,#1963);
#1963 = DEFINITIONAL_REPRESENTATION('',(#1964),#1967);
#1964 = B_SPLINE_CURVE_WITH_KNOTS('',1,(#1965,#1966),.UNSPECIFIED.,.F.,
  .F.,(2,2),(-31.,-1.),.PIECEWISE_BEZIER_KNOTS.);
#1965 = CARTESIAN_POINT('',(-4.801395342765,-31.));
#1966 = CARTESIAN_POINT('',(-4.801395342765,-1.));
#1967 = ( GEOMETRIC_REPRESENTATION_CONTEXT(2) 
PARAMETRIC_REPRESENTATION_CONTEXT() REPRESENTATION_CONTEXT('2D SPACE',''
  ) );
#1968 = PCURVE('',#789,#1969);
#1969 = DEFINITIONAL_REPRESENTATION('',(#1970),#1973);
#1970 = B_SPLINE_CURVE_WITH_KNOTS('',1,(#1971,#1972),.UNSPECIFIED.,.F.,
  .F.,(2,2),(-31.0000006,-0.9999994),.PIECEWISE_BEZIER_KNOTS.);
#1971 = CARTESIAN_POINT('',(16.591798876739,-31.0000006));
#1972 = CARTESIAN_POINT('',(16.591798876739,-0.9999994));
#1973 = ( GEOMETRIC_REPRESENTATION_CONTEXT(2) 
PARAMETRIC_REPRESENTATION_CONTEXT() REPRESENTATION_CONTEXT('2D SPACE',''
  ) );
#1974 = ADVANCED_FACE('',(#1975),#789,.T.);
#1975 = FACE_BOUND('',#1976,.T.);
#1976 = EDGE_LOOP('',(#1977,#1996,#1997,#1998));
#1977 = ORIENTED_EDGE('',*,*,#1978,.F.);
#1978 = EDGE_CURVE('',#934,#775,#1979,.T.);
#1979 = SURFACE_CURVE('',#1980,(#1984,#1990),.PCURVE_S1.);
#1980 = LINE('',#1981,#1982);
#1981 = CARTESIAN_POINT('',(1.5,-22.65038631017,0.));
#1982 = VECTOR('',#1983,1.);
#1983 = DIRECTION('',(-0.,-0.,-1.));
#1984 = PCURVE('',#789,#1985);
#1985 = DEFINITIONAL_REPRESENTATION('',(#1986),#1989);
#1986 = B_SPLINE_CURVE_WITH_KNOTS('',1,(#1987,#1988),.UNSPECIFIED.,.F.,
  .F.,(2,2),(-30.0000006,6.E-07),.PIECEWISE_BEZIER_KNOTS.);
#1987 = CARTESIAN_POINT('',(10.749613689829,-31.0000006));
#1988 = CARTESIAN_POINT('',(10.749613689829,-0.9999994));
#1989 = ( GEOMETRIC_REPRESENTATION_CONTEXT(2) 
PARAMETRIC_REPRESENTATION_CONTEXT() REPRESENTATION_CONTEXT('2D SPACE',''
  ) );
#1990 = PCURVE('',#817,#1991);
#1991 = DEFINITIONAL_REPRESENTATION('',(#1992),#1995);
#1992 = B_SPLINE_CURVE_WITH_KNOTS('',1,(#1993,#1994),.UNSPECIFIED.,.F.,
  .F.,(2,2),(-30.0000006,6.E-07),.PIECEWISE_BEZIER_KNOTS.);
#1993 = CARTESIAN_POINT('',(-4.778516459188,-30.0000006));
#1994 = CARTESIAN_POINT('',(-4.778516459188,6.E-07));
#1995 = ( GEOMETRIC_REPRESENTATION_CONTEXT(2) 
PARAMETRIC_REPRESENTATION_CONTEXT() REPRESENTATION_CONTEXT('2D SPACE',''
  ) );
#1996 = ORIENTED_EDGE('',*,*,#1061,.F.);
#1997 = ORIENTED_EDGE('',*,*,#1956,.T.);
#1998 = ORIENTED_EDGE('',*,*,#774,.T.);
#1999 = ADVANCED_FACE('',(#2000),#817,.T.);
#2000 = FACE_BOUND('',#2001,.F.);
#2001 = EDGE_LOOP('',(#2002,#2003,#2004,#2005,#2025,#2026,#2046,#2047));
#2002 = ORIENTED_EDGE('',*,*,#800,.F.);
#2003 = ORIENTED_EDGE('',*,*,#1978,.F.);
#2004 = ORIENTED_EDGE('',*,*,#931,.F.);
#2005 = ORIENTED_EDGE('',*,*,#2006,.T.);
#2006 = EDGE_CURVE('',#932,#1324,#2007,.T.);
#2007 = SURFACE_CURVE('',#2008,(#2012,#2018),.PCURVE_S1.);
#2008 = LINE('',#2009,#2010);
#2009 = CARTESIAN_POINT('',(6.,21.892692844874,0.));
#2010 = VECTOR('',#2011,1.);
#2011 = DIRECTION('',(-0.,-0.,-1.));
#2012 = PCURVE('',#817,#2013);
#2013 = DEFINITIONAL_REPRESENTATION('',(#2014),#2017);
#2014 = B_SPLINE_CURVE_WITH_KNOTS('',1,(#2015,#2016),.UNSPECIFIED.,.F.,
  .F.,(2,2),(-30.,0.),.PIECEWISE_BEZIER_KNOTS.);
#2015 = CARTESIAN_POINT('',(-7.586485779204,-30.));
#2016 = CARTESIAN_POINT('',(-7.586485779204,0.));
#2017 = ( GEOMETRIC_REPRESENTATION_CONTEXT(2) 
PARAMETRIC_REPRESENTATION_CONTEXT() REPRESENTATION_CONTEXT('2D SPACE',''
  ) );
#2018 = PCURVE('',#845,#2019);
#2019 = DEFINITIONAL_REPRESENTATION('',(#2020),#2024);
#2020 = LINE('',#2021,#2022);
#2021 = CARTESIAN_POINT('',(21.892692844874,0.));
#2022 = VECTOR('',#2023,1.);
#2023 = DIRECTION('',(0.,1.));
#2024 = ( GEOMETRIC_REPRESENTATION_CONTEXT(2) 
PARAMETRIC_REPRESENTATION_CONTEXT() REPRESENTATION_CONTEXT('2D SPACE',''
  ) );
#2025 = ORIENTED_EDGE('',*,*,#1347,.T.);
#2026 = ORIENTED_EDGE('',*,*,#2027,.T.);
#2027 = EDGE_CURVE('',#1348,#1651,#2028,.T.);
#2028 = SURFACE_CURVE('',#2029,(#2033,#2039),.PCURVE_S1.);
#2029 = LINE('',#2030,#2031);
#2030 = CARTESIAN_POINT('',(6.,21.892692844874,0.));
#2031 = VECTOR('',#2032,1.);
#2032 = DIRECTION('',(-0.,-0.,-1.));
#2033 = PCURVE('',#817,#2034);
#2034 = DEFINITIONAL_REPRESENTATION('',(#2035),#2038);
#2035 = B_SPLINE_CURVE_WITH_KNOTS('',1,(#2036,#2037),.UNSPECIFIED.,.F.,
  .F.,(2,2),(-30.,0.),.PIECEWISE_BEZIER_KNOTS.);
#2036 = CARTESIAN_POINT('',(-7.586485779204,-30.));
#2037 = CARTESIAN_POINT('',(-7.586485779204,0.));
#2038 = ( GEOMETRIC_REPRESENTATION_CONTEXT(2) 
PARAMETRIC_REPRESENTATION_CONTEXT() REPRESENTATION_CONTEXT('2D SPACE',''
  ) );
#2039 = PCURVE('',#845,#2040);
#2040 = DEFINITIONAL_REPRESENTATION('',(#2041),#2045);
#2041 = LINE('',#2042,#2043);
#2042 = CARTESIAN_POINT('',(21.892692844874,0.));
#2043 = VECTOR('',#2044,1.);
#2044 = DIRECTION('',(0.,1.));
#2045 = ( GEOMETRIC_REPRESENTATION_CONTEXT(2) 
PARAMETRIC_REPRESENTATION_CONTEXT() REPRESENTATION_CONTEXT('2D SPACE',''
  ) );
#2046 = ORIENTED_EDGE('',*,*,#1674,.T.);
#2047 = ORIENTED_EDGE('',*,*,#2048,.T.);
#2048 = EDGE_CURVE('',#1675,#801,#2049,.T.);
#2049 = SURFACE_CURVE('',#2050,(#2054,#2060),.PCURVE_S1.);
#2050 = LINE('',#2051,#2052);
#2051 = CARTESIAN_POINT('',(6.,21.892692844874,0.));
#2052 = VECTOR('',#2053,1.);
#2053 = DIRECTION('',(-0.,-0.,-1.));
#2054 = PCURVE('',#817,#2055);
#2055 = DEFINITIONAL_REPRESENTATION('',(#2056),#2059);
#2056 = B_SPLINE_CURVE_WITH_KNOTS('',1,(#2057,#2058),.UNSPECIFIED.,.F.,
  .F.,(2,2),(-30.,0.),.PIECEWISE_BEZIER_KNOTS.);
#2057 = CARTESIAN_POINT('',(-7.586485779204,-30.));
#2058 = CARTESIAN_POINT('',(-7.586485779204,0.));
#2059 = ( GEOMETRIC_REPRESENTATION_CONTEXT(2) 
PARAMETRIC_REPRESENTATION_CONTEXT() REPRESENTATION_CONTEXT('2D SPACE',''
  ) );
#2060 = PCURVE('',#845,#2061);
#2061 = DEFINITIONAL_REPRESENTATION('',(#2062),#2066);
#2062 = LINE('',#2063,#2064);
#2063 = CARTESIAN_POINT('',(21.892692844874,0.));
#2064 = VECTOR('',#2065,1.);
#2065 = DIRECTION('',(0.,1.));
#2066 = ( GEOMETRIC_REPRESENTATION_CONTEXT(2) 
PARAMETRIC_REPRESENTATION_CONTEXT() REPRESENTATION_CONTEXT('2D SPACE',''
  ) );
#2067 = ADVANCED_FACE('',(#2068),#845,.F.);
#2068 = FACE_BOUND('',#2069,.F.);
#2069 = EDGE_LOOP('',(#2070,#2071,#2072,#2073,#2074,#2075,#2076,#2077,
    #2078,#2079,#2102,#2125,#2148));
#2070 = ORIENTED_EDGE('',*,*,#829,.F.);
#2071 = ORIENTED_EDGE('',*,*,#2048,.F.);
#2072 = ORIENTED_EDGE('',*,*,#1925,.F.);
#2073 = ORIENTED_EDGE('',*,*,#1650,.F.);
#2074 = ORIENTED_EDGE('',*,*,#2027,.F.);
#2075 = ORIENTED_EDGE('',*,*,#1598,.F.);
#2076 = ORIENTED_EDGE('',*,*,#1323,.F.);
#2077 = ORIENTED_EDGE('',*,*,#2006,.F.);
#2078 = ORIENTED_EDGE('',*,*,#961,.T.);
#2079 = ORIENTED_EDGE('',*,*,#2080,.T.);
#2080 = EDGE_CURVE('',#962,#2081,#2083,.T.);
#2081 = VERTEX_POINT('',#2082);
#2082 = CARTESIAN_POINT('',(6.,112.5980481856,53.157417364383));
#2083 = SURFACE_CURVE('',#2084,(#2088,#2095),.PCURVE_S1.);
#2084 = LINE('',#2085,#2086);
#2085 = CARTESIAN_POINT('',(6.,25.66472381959,29.863703305156));
#2086 = VECTOR('',#2087,1.);
#2087 = DIRECTION('',(0.,0.965925826289,0.258819045103));
#2088 = PCURVE('',#845,#2089);
#2089 = DEFINITIONAL_REPRESENTATION('',(#2090),#2094);
#2090 = LINE('',#2091,#2092);
#2091 = CARTESIAN_POINT('',(25.66472381959,-29.86370330515));
#2092 = VECTOR('',#2093,1.);
#2093 = DIRECTION('',(0.965925826289,-0.258819045103));
#2094 = ( GEOMETRIC_REPRESENTATION_CONTEXT(2) 
PARAMETRIC_REPRESENTATION_CONTEXT() REPRESENTATION_CONTEXT('2D SPACE',''
  ) );
#2095 = PCURVE('',#999,#2096);
#2096 = DEFINITIONAL_REPRESENTATION('',(#2097),#2101);
#2097 = LINE('',#2098,#2099);
#2098 = CARTESIAN_POINT('',(0.,0.));
#2099 = VECTOR('',#2100,1.);
#2100 = DIRECTION('',(0.,-1.));
#2101 = ( GEOMETRIC_REPRESENTATION_CONTEXT(2) 
PARAMETRIC_REPRESENTATION_CONTEXT() REPRESENTATION_CONTEXT('2D SPACE',''
  ) );
#2102 = ORIENTED_EDGE('',*,*,#2103,.F.);
#2103 = EDGE_CURVE('',#2104,#2081,#2106,.T.);
#2104 = VERTEX_POINT('',#2105);
#2105 = CARTESIAN_POINT('',(6.,114.66860054642,45.430010754071));
#2106 = SURFACE_CURVE('',#2107,(#2111,#2118),.PCURVE_S1.);
#2107 = LINE('',#2108,#2109);
#2108 = CARTESIAN_POINT('',(6.,114.66860054642,45.430010754071));
#2109 = VECTOR('',#2110,1.);
#2110 = DIRECTION('',(0.,-0.258819045103,0.965925826289));
#2111 = PCURVE('',#845,#2112);
#2112 = DEFINITIONAL_REPRESENTATION('',(#2113),#2117);
#2113 = LINE('',#2114,#2115);
#2114 = CARTESIAN_POINT('',(114.66860054642,-45.43001075407));
#2115 = VECTOR('',#2116,1.);
#2116 = DIRECTION('',(-0.258819045103,-0.965925826289));
#2117 = ( GEOMETRIC_REPRESENTATION_CONTEXT(2) 
PARAMETRIC_REPRESENTATION_CONTEXT() REPRESENTATION_CONTEXT('2D SPACE',''
  ) );
#2118 = PCURVE('',#1151,#2119);
#2119 = DEFINITIONAL_REPRESENTATION('',(#2120),#2124);
#2120 = LINE('',#2121,#2122);
#2121 = CARTESIAN_POINT('',(4.,6.));
#2122 = VECTOR('',#2123,1.);
#2123 = DIRECTION('',(-1.,0.));
#2124 = ( GEOMETRIC_REPRESENTATION_CONTEXT(2) 
PARAMETRIC_REPRESENTATION_CONTEXT() REPRESENTATION_CONTEXT('2D SPACE',''
  ) );
#2125 = ORIENTED_EDGE('',*,*,#2126,.F.);
#2126 = EDGE_CURVE('',#2127,#2104,#2129,.T.);
#2127 = VERTEX_POINT('',#2128);
#2128 = CARTESIAN_POINT('',(6.,36.7,24.538387202671));
#2129 = SURFACE_CURVE('',#2130,(#2134,#2141),.PCURVE_S1.);
#2130 = LINE('',#2131,#2132);
#2131 = CARTESIAN_POINT('',(6.,27.73527618041,22.136296694844));
#2132 = VECTOR('',#2133,1.);
#2133 = DIRECTION('',(0.,0.965925826289,0.258819045103));
#2134 = PCURVE('',#845,#2135);
#2135 = DEFINITIONAL_REPRESENTATION('',(#2136),#2140);
#2136 = LINE('',#2137,#2138);
#2137 = CARTESIAN_POINT('',(27.73527618041,-22.13629669484));
#2138 = VECTOR('',#2139,1.);
#2139 = DIRECTION('',(0.965925826289,-0.258819045103));
#2140 = ( GEOMETRIC_REPRESENTATION_CONTEXT(2) 
PARAMETRIC_REPRESENTATION_CONTEXT() REPRESENTATION_CONTEXT('2D SPACE',''
  ) );
#2141 = PCURVE('',#1123,#2142);
#2142 = DEFINITIONAL_REPRESENTATION('',(#2143),#2147);
#2143 = LINE('',#2144,#2145);
#2144 = CARTESIAN_POINT('',(12.,0.));
#2145 = VECTOR('',#2146,1.);
#2146 = DIRECTION('',(0.,-1.));
#2147 = ( GEOMETRIC_REPRESENTATION_CONTEXT(2) 
PARAMETRIC_REPRESENTATION_CONTEXT() REPRESENTATION_CONTEXT('2D SPACE',''
  ) );
#2148 = ORIENTED_EDGE('',*,*,#2149,.F.);
#2149 = EDGE_CURVE('',#830,#2127,#2150,.T.);
#2150 = SURFACE_CURVE('',#2151,(#2155,#2162),.PCURVE_S1.);
#2151 = LINE('',#2152,#2153);
#2152 = CARTESIAN_POINT('',(6.,36.7,0.));
#2153 = VECTOR('',#2154,1.);
#2154 = DIRECTION('',(0.,0.,1.));
#2155 = PCURVE('',#845,#2156);
#2156 = DEFINITIONAL_REPRESENTATION('',(#2157),#2161);
#2157 = LINE('',#2158,#2159);
#2158 = CARTESIAN_POINT('',(36.7,0.));
#2159 = VECTOR('',#2160,1.);
#2160 = DIRECTION('',(0.,-1.));
#2161 = ( GEOMETRIC_REPRESENTATION_CONTEXT(2) 
PARAMETRIC_REPRESENTATION_CONTEXT() REPRESENTATION_CONTEXT('2D SPACE',''
  ) );
#2162 = PCURVE('',#871,#2163);
#2163 = DEFINITIONAL_REPRESENTATION('',(#2164),#2168);
#2164 = LINE('',#2165,#2166);
#2165 = CARTESIAN_POINT('',(0.,-0.));
#2166 = VECTOR('',#2167,1.);
#2167 = DIRECTION('',(0.,-1.));
#2168 = ( GEOMETRIC_REPRESENTATION_CONTEXT(2) 
PARAMETRIC_REPRESENTATION_CONTEXT() REPRESENTATION_CONTEXT('2D SPACE',''
  ) );
#2169 = ADVANCED_FACE('',(#2170),#871,.F.);
#2170 = FACE_BOUND('',#2171,.F.);
#2171 = EDGE_LOOP('',(#2172,#2173,#2174,#2193));
#2172 = ORIENTED_EDGE('',*,*,#857,.F.);
#2173 = ORIENTED_EDGE('',*,*,#2149,.T.);
#2174 = ORIENTED_EDGE('',*,*,#2175,.F.);
#2175 = EDGE_CURVE('',#1085,#2127,#2176,.T.);
#2176 = SURFACE_CURVE('',#2177,(#2181,#2187),.PCURVE_S1.);
#2177 = LINE('',#2178,#2179);
#2178 = CARTESIAN_POINT('',(0.,36.7,24.538387202671));
#2179 = VECTOR('',#2180,1.);
#2180 = DIRECTION('',(1.,0.,0.));
#2181 = PCURVE('',#871,#2182);
#2182 = DEFINITIONAL_REPRESENTATION('',(#2183),#2186);
#2183 = B_SPLINE_CURVE_WITH_KNOTS('',1,(#2184,#2185),.UNSPECIFIED.,.F.,
  .F.,(2,2),(-6.,6.),.PIECEWISE_BEZIER_KNOTS.);
#2184 = CARTESIAN_POINT('',(12.,-24.53838720267));
#2185 = CARTESIAN_POINT('',(0.,-24.53838720267));
#2186 = ( GEOMETRIC_REPRESENTATION_CONTEXT(2) 
PARAMETRIC_REPRESENTATION_CONTEXT() REPRESENTATION_CONTEXT('2D SPACE',''
  ) );
#2187 = PCURVE('',#1123,#2188);
#2188 = DEFINITIONAL_REPRESENTATION('',(#2189),#2192);
#2189 = B_SPLINE_CURVE_WITH_KNOTS('',1,(#2190,#2191),.UNSPECIFIED.,.F.,
  .F.,(2,2),(-6.,6.),.PIECEWISE_BEZIER_KNOTS.);
#2190 = CARTESIAN_POINT('',(0.,-9.280965034376));
#2191 = CARTESIAN_POINT('',(12.,-9.280965034376));
#2192 = ( GEOMETRIC_REPRESENTATION_CONTEXT(2) 
PARAMETRIC_REPRESENTATION_CONTEXT() REPRESENTATION_CONTEXT('2D SPACE',''
  ) );
#2193 = ORIENTED_EDGE('',*,*,#1084,.F.);
#2194 = ADVANCED_FACE('',(#2195),#999,.T.);
#2195 = FACE_BOUND('',#2196,.T.);
#2196 = EDGE_LOOP('',(#2197,#2198,#2199,#2220));
#2197 = ORIENTED_EDGE('',*,*,#984,.T.);
#2198 = ORIENTED_EDGE('',*,*,#2080,.T.);
#2199 = ORIENTED_EDGE('',*,*,#2200,.T.);
#2200 = EDGE_CURVE('',#2081,#1136,#2201,.T.);
#2201 = SURFACE_CURVE('',#2202,(#2206,#2213),.PCURVE_S1.);
#2202 = LINE('',#2203,#2204);
#2203 = CARTESIAN_POINT('',(6.,112.5980481856,53.157417364383));
#2204 = VECTOR('',#2205,1.);
#2205 = DIRECTION('',(-1.,0.,0.));
#2206 = PCURVE('',#999,#2207);
#2207 = DEFINITIONAL_REPRESENTATION('',(#2208),#2212);
#2208 = LINE('',#2209,#2210);
#2209 = CARTESIAN_POINT('',(0.,-90.));
#2210 = VECTOR('',#2211,1.);
#2211 = DIRECTION('',(1.,-0.));
#2212 = ( GEOMETRIC_REPRESENTATION_CONTEXT(2) 
PARAMETRIC_REPRESENTATION_CONTEXT() REPRESENTATION_CONTEXT('2D SPACE',''
  ) );
#2213 = PCURVE('',#1151,#2214);
#2214 = DEFINITIONAL_REPRESENTATION('',(#2215),#2219);
#2215 = LINE('',#2216,#2217);
#2216 = CARTESIAN_POINT('',(-4.,6.));
#2217 = VECTOR('',#2218,1.);
#2218 = DIRECTION('',(0.,-1.));
#2219 = ( GEOMETRIC_REPRESENTATION_CONTEXT(2) 
PARAMETRIC_REPRESENTATION_CONTEXT() REPRESENTATION_CONTEXT('2D SPACE',''
  ) );
#2220 = ORIENTED_EDGE('',*,*,#1163,.F.);
#2221 = ADVANCED_FACE('',(#2222),#1123,.T.);
#2222 = FACE_BOUND('',#2223,.T.);
#2223 = EDGE_LOOP('',(#2224,#2225,#2226,#2247));
#2224 = ORIENTED_EDGE('',*,*,#2175,.F.);
#2225 = ORIENTED_EDGE('',*,*,#1107,.T.);
#2226 = ORIENTED_EDGE('',*,*,#2227,.T.);
#2227 = EDGE_CURVE('',#1108,#2104,#2228,.T.);
#2228 = SURFACE_CURVE('',#2229,(#2233,#2240),.PCURVE_S1.);
#2229 = LINE('',#2230,#2231);
#2230 = CARTESIAN_POINT('',(-6.,114.66860054642,45.430010754071));
#2231 = VECTOR('',#2232,1.);
#2232 = DIRECTION('',(1.,0.,0.));
#2233 = PCURVE('',#1123,#2234);
#2234 = DEFINITIONAL_REPRESENTATION('',(#2235),#2239);
#2235 = LINE('',#2236,#2237);
#2236 = CARTESIAN_POINT('',(0.,-90.));
#2237 = VECTOR('',#2238,1.);
#2238 = DIRECTION('',(1.,0.));
#2239 = ( GEOMETRIC_REPRESENTATION_CONTEXT(2) 
PARAMETRIC_REPRESENTATION_CONTEXT() REPRESENTATION_CONTEXT('2D SPACE',''
  ) );
#2240 = PCURVE('',#1151,#2241);
#2241 = DEFINITIONAL_REPRESENTATION('',(#2242),#2246);
#2242 = LINE('',#2243,#2244);
#2243 = CARTESIAN_POINT('',(4.,-6.));
#2244 = VECTOR('',#2245,1.);
#2245 = DIRECTION('',(0.,1.));
#2246 = ( GEOMETRIC_REPRESENTATION_CONTEXT(2) 
PARAMETRIC_REPRESENTATION_CONTEXT() REPRESENTATION_CONTEXT('2D SPACE',''
  ) );
#2247 = ORIENTED_EDGE('',*,*,#2126,.F.);
#2248 = ADVANCED_FACE('',(#2249),#1151,.F.);
#2249 = FACE_BOUND('',#2250,.F.);
#2250 = EDGE_LOOP('',(#2251,#2252,#2253,#2254));
#2251 = ORIENTED_EDGE('',*,*,#2227,.T.);
#2252 = ORIENTED_EDGE('',*,*,#2103,.T.);
#2253 = ORIENTED_EDGE('',*,*,#2200,.T.);
#2254 = ORIENTED_EDGE('',*,*,#1135,.T.);
#2255 = ( GEOMETRIC_REPRESENTATION_CONTEXT(3) 
GLOBAL_UNCERTAINTY_ASSIGNED_CONTEXT((#2259)) 
GLOBAL_UNIT_ASSIGNED_CONTEXT((#2256,#2257,#2258)) REPRESENTATION_CONTEXT
('Context #1','3D Context with UNIT and UNCERTAINTY') );
#2256 = ( LENGTH_UNIT() NAMED_UNIT(*) SI_UNIT(.MILLI.,.METRE.) );
#2257 = ( NAMED_UNIT(*) PLANE_ANGLE_UNIT() SI_UNIT($,.RADIAN.) );
#2258 = ( NAMED_UNIT(*) SI_UNIT($,.STERADIAN.) SOLID_ANGLE_UNIT() );
#2259 = UNCERTAINTY_MEASURE_WITH_UNIT(LENGTH_MEASURE(1.E-07),#2256,
  'distance_accuracy_value','confusion accuracy');
#2260 = PRODUCT_RELATED_PRODUCT_CATEGORY('part',$,(#7));
ENDSEC;
END-ISO-10303-21;
